Masked ID,Started on,Completed,Grade/41,Q. 1 /5,Q. 2 /2,Q. 3 /5,Q. 4 /1,Q. 5 /1,Q. 6 /1,Q. 7 /1,Q. 8 /1,Q. 9 /1,Q. 10 /1,Q. 11 /1,Q. 12 /1,Q. 13 /1,Q. 14 /1,Q. 15 /1,Q. 16 /1,Q. 17 /1,Q. 18 /1,Q. 19 /1,Q. 20 /1,Q. 21 /1,Q. 22 /1,Q. 23 /1,Q. 24 /1,Q. 25 /1,Q. 26 /1,Q. 27 /1,Q. 28 /1,Q. 29 /1,Q. 30 /1,Q. 31 /1,Q. 32 /1
2299347,20/7/19 11:53,20/7/19 12:52,33,2,2,5,1,1,1,1,1,1,1,1,1,1,1,1,1,1,1,1,1,0,0,0,1,1,1,1,0,1,0,1,1
2281102,20/7/19 13:59,20/7/19 14:37,26,5,2,4,1,0,1,1,1,0,1,0,0,0,0,1,1,1,1,1,1,0,0,1,0,1,0,0,0,1,1,0,0
2274580,20/7/19 14:36,20/7/19 15:28,30,5,2,4,1,1,1,1,1,0,1,1,0,1,0,1,1,1,1,1,0,1,0,1,1,1,0,0,1,-,1,0,0
2298515,20/7/19 16:08,20/7/19 16:48,36,4,2,5,1,1,1,1,1,1,1,1,1,1,1,1,1,1,1,1,1,1,1,1,1,1,1,1,0,0,1,0,0
2269581,20/7/19 17:15,20/7/19 18:03,31,5,2,5,1,1,0,0,1,0,1,1,1,0,0,1,1,0,1,0,1,0,1,1,0,1,1,0,1,1,1,1,1
2294999,20/7/19 18:08,20/7/19 19:47,34,4,2,4,1,1,1,1,1,1,1,1,0,1,1,1,1,1,1,0,1,1,1,-,-,-,1,1,1,1,1,1,1
2297012,20/7/19 20:50,20/7/19 21:18,31,5,2,4,1,1,1,1,1,1,1,0,1,1,1,1,1,1,1,0,1,0,1,1,-,1,0,0,1,1,0,0,0
2280447,21/7/19 0:02,21/7/19 0:45,39,5,2,5,1,1,1,1,1,1,1,1,1,1,1,1,1,1,1,1,1,1,0,1,0,1,1,1,1,1,1,1,1
2260640,21/7/19 1:33,21/7/19 1:57,19,2,-,4,1,1,1,1,1,0,1,1,0,1,1,1,1,1,-,-,-,-,-,-,-,-,-,-,-,-,1,0,0
2296584,21/7/19 1:35,21/7/19 1:58,30,5,2,5,1,1,1,1,1,1,1,1,0,0,0,1,1,1,1,1,0,0,0,1,1,0,0,0,1,0,0,1,1
2296200,15/7/19 8:39,21/7/19 3:08,27,5,2,5,1,1,1,1,0,0,0,1,1,1,0,1,1,1,1,0,1,0,1,-,-,-,1,1,-,0,0,0,0
2300877,21/7/19 10:15,21/7/19 10:45,24,5,2,4,1,1,1,1,1,1,0,1,0,0,0,1,1,0,0,0,1,0,1,0,1,0,0,0,0,1,0,0,0
2296067,21/7/19 12:34,21/7/19 12:54,31,5,2,5,1,1,1,1,1,1,0,1,1,0,0,1,1,1,1,1,0,1,0,1,1,0,0,0,1,1,1,0,0
2278676,21/7/19 13:36,21/7/19 13:53,16,4,1,5,0,1,1,1,1,0,1,-,-,0,-,1,0,0,0,-,-,-,-,-,-,-,-,-,-,-,-,-,-
2289507,21/7/19 3:15,21/7/19 14:56,29,4,2,5,1,1,1,1,0,0,1,1,1,0,1,1,1,1,1,0,0,0,0,1,0,0,1,1,1,0,0,1,1
2289507,21/7/19 15:04,21/7/19 15:12,40,5,2,5,1,1,1,1,1,1,1,1,1,1,1,1,1,1,1,1,1,1,1,1,1,1,1,1,0,1,1,1,1
2289507,21/7/19 15:13,21/7/19 15:18,41,5,2,5,1,1,1,1,1,1,1,1,1,1,1,1,1,1,1,1,1,1,1,1,1,1,1,1,1,1,1,1,1
2271097,21/7/19 11:02,21/7/19 18:19,34,5,2,5,1,1,1,1,1,1,1,1,1,0,0,1,1,1,1,1,1,1,1,1,0,1,1,0,0,1,1,0,0
2299488,21/7/19 18:16,21/7/19 22:05,33,5,2,5,1,1,1,1,1,1,1,1,1,0,1,1,1,1,1,0,1,1,0,0,1,1,1,0,0,0,0,1,1
2276773,21/7/19 21:03,21/7/19 22:09,38,4,2,5,1,1,1,1,1,1,1,1,1,1,1,1,1,1,1,1,1,1,1,1,1,1,1,1,1,1,1,0,0
2299420,21/7/19 22:15,21/7/19 22:19,1,1,-,-,-,-,-,-,-,-,-,-,-,-,-,-,-,-,-,-,-,-,-,-,-,-,-,-,-,-,-,-,-
2299420,21/7/19 22:25,21/7/19 22:33,41,5,2,5,1,1,1,1,1,1,1,1,1,1,1,1,1,1,1,1,1,1,1,1,1,1,1,1,1,1,1,1,1
2282473,22/7/19 0:22,22/7/19 0:58,34,5,2,5,1,1,1,1,1,0,1,1,1,1,0,1,1,1,1,1,1,1,0,1,0,1,1,0,1,0,0,1,1
2248814,22/7/19 8:31,22/7/19 9:22,30,4,2,5,1,1,1,1,1,1,1,1,0,0,1,1,1,0,1,0,1,1,0,0,1,1,1,0,1,1,0,0,0
2296915,22/7/19 15:24,22/7/19 18:12,39,5,2,5,1,1,1,1,1,1,1,1,1,1,1,1,1,1,1,1,1,1,1,1,1,1,1,1,0,0,1,1,1
2281264,22/7/19 17:32,22/7/19 18:15,15,1,0,4,1,1,1,1,0,0,1,-,-,0,0,1,0,1,1,1,0,-,0,1,0,0,-,-,-,0,0,0,0
2261167,22/7/19 20:28,22/7/19 21:16,31,4,2,5,1,0,1,1,1,0,1,1,1,1,1,1,1,1,1,1,1,1,0,-,-,-,1,1,-,1,1,0,0
2281264,22/7/19 21:11,22/7/19 22:03,28,4,2,5,1,1,1,1,1,0,1,0,0,1,0,1,1,1,1,1,0,-,1,1,1,1,-,-,-,1,0,0,0
2273276,22/7/19 23:14,22/7/19 23:45,32,5,1,5,1,1,1,1,1,0,0,0,0,1,0,1,1,1,1,0,1,1,1,1,1,1,0,0,1,1,1,1,1
2296983,22/7/19 12:44,23/7/19 12:19,32,4,0,5,1,1,1,1,1,0,1,1,1,1,0,1,1,1,1,0,1,1,0,1,0,1,1,1,1,0,1,1,1
2295170,23/7/19 11:29,23/7/19 14:22,31,5,2,5,1,1,1,1,1,0,0,0,0,1,0,1,1,1,1,1,0,0,0,1,1,1,1,1,0,0,1,1,1
2277400,23/7/19 16:23,23/7/19 16:28,17,4,2,5,1,1,1,1,1,1,0,-,-,-,-,-,-,-,-,-,-,-,-,-,-,-,-,-,-,-,-,-,-
2269163,23/7/19 17:40,23/7/19 18:14,22,3,2,4,0,1,1,1,0,1,0,0,0,0,1,1,0,0,1,1,1,1,1,-,-,-,0,0,-,0,0,1,1
2294390,21/7/19 20:50,23/7/19 18:58,33,4,0,4,0,1,1,1,1,1,1,1,1,1,1,1,1,1,1,1,1,1,0,1,0,1,1,1,1,0,1,1,1
2299437,23/7/19 11:19,23/7/19 19:45,27,5,2,5,1,1,1,1,1,1,1,0,0,0,1,1,0,1,0,0,0,0,0,0,0,0,0,0,1,1,1,1,1
2276504,23/7/19 21:08,23/7/19 22:06,37,5,2,5,1,1,1,1,1,1,1,1,1,1,1,1,1,1,1,1,1,1,0,1,1,1,1,1,1,0,1,0,0
2292648,23/7/19 22:28,23/7/19 23:04,30,4,1,5,1,0,1,1,1,0,1,1,1,1,0,1,1,1,1,1,1,0,0,1,1,1,1,0,0,1,1,0,0
2281270,24/7/19 7:24,24/7/19 7:59,40,4,2,5,1,1,1,1,1,1,1,1,1,1,1,1,1,1,1,1,1,1,1,1,1,1,1,1,1,1,1,1,1
2245187,24/7/19 10:00,24/7/19 11:44,39,5,2,5,1,1,1,1,1,1,1,1,1,1,1,1,1,1,1,1,1,1,0,1,1,1,1,1,1,0,1,1,1
2254571,24/7/19 11:13,24/7/19 12:05,33,5,2,5,1,1,1,1,1,1,0,1,1,1,0,1,1,1,1,1,1,1,0,1,1,1,0,0,1,0,1,0,0
2282358,24/7/19 12:10,24/7/19 13:15,30,4,2,5,1,1,1,1,1,1,0,0,0,1,0,1,1,1,1,1,1,0,1,1,1,1,0,0,0,1,1,0,0
2296919,24/7/19 12:38,24/7/19 13:33,25,2,2,5,1,1,1,1,1,0,1,0,-,0,-,1,0,1,1,1,1,1,1,-,-,-,0,0,-,0,1,1,1
2299400,23/7/19 8:58,24/7/19 15:15,40,5,2,5,1,1,1,1,1,1,1,1,1,1,1,1,1,1,1,1,1,1,0,1,1,1,1,1,1,1,1,1,1
2292713,24/7/19 17:34,24/7/19 17:54,35,5,2,5,1,1,1,1,1,0,1,1,1,0,0,1,1,1,1,1,1,1,0,1,0,1,1,0,1,1,1,1,1
2294485,24/7/19 17:38,24/7/19 18:02,37,5,2,4,1,1,1,1,0,1,1,1,1,1,1,1,1,1,1,1,0,1,0,1,1,1,1,1,1,1,1,1,1
2270059,24/7/19 18:12,24/7/19 19:18,29,4,2,4,1,1,1,1,1,0,1,0,0,1,0,1,1,0,1,1,1,1,0,1,1,1,0,0,1,1,1,0,0
2296014,24/7/19 18:54,24/7/19 19:41,33,4,2,5,1,1,1,1,1,1,1,1,0,1,0,1,1,1,1,1,1,1,0,1,1,1,1,1,0,0,1,0,0
2296523,24/7/19 19:36,24/7/19 19:42,15,5,2,5,0,0,1,1,0,0,1,-,-,-,-,-,-,-,-,-,-,-,-,-,-,-,-,-,-,-,-,-,-
2275990,21/7/19 0:14,24/7/19 19:46,32,5,2,5,1,1,1,1,1,1,1,1,1,0,0,1,1,1,1,1,1,1,0,1,0,1,1,1,0,0,0,0,0
2297492,24/7/19 20:45,24/7/19 21:23,26,5,2,4,1,1,1,1,1,0,0,1,1,0,1,1,1,0,1,1,1,0,1,0,0,1,0,0,0,0,0,0,0
2298544,24/7/19 16:59,24/7/19 23:01,33,4,2,3,1,1,1,1,1,1,0,1,1,1,1,1,1,1,1,1,1,0,1,1,0,1,1,0,0,1,1,1,1
2298653,25/7/19 14:35,25/7/19 15:21,38,5,2,4,0,1,1,1,1,1,1,1,1,1,1,1,1,1,1,1,1,1,1,1,1,1,1,1,1,1,0,1,1
2230976,25/7/19 14:50,25/7/19 15:47,37,5,2,5,1,1,1,1,1,1,1,1,1,1,1,1,1,1,1,1,1,1,0,1,0,1,1,0,0,1,1,1,1
2301493,22/7/19 9:55,25/7/19 19:42,33,5,2,5,1,1,1,1,1,1,1,1,1,1,1,1,1,1,1,1,1,1,1,1,0,-,0,1,-,0,0,0,0
2287725,24/7/19 16:52,25/7/19 20:47,32,5,2,5,1,1,1,1,1,0,1,1,1,1,0,1,1,1,1,1,1,1,0,1,0,1,0,0,0,1,1,0,0
2294349,25/7/19 20:17,25/7/19 21:21,17,5,2,5,1,1,1,1,0,0,1,-,-,-,-,-,-,-,-,-,-,-,-,-,-,-,-,-,-,-,-,-,-
2287725,25/7/19 20:50,25/7/19 21:33,38,5,2,5,1,1,1,1,1,1,1,1,1,1,1,1,1,1,1,1,1,1,1,1,0,1,0,1,0,1,1,1,1
2298590,25/7/19 22:32,25/7/19 23:17,36,4,2,4,1,1,1,1,1,1,0,1,1,1,1,1,1,1,1,1,1,1,1,1,0,1,1,0,1,1,1,1,1
2277283,25/7/19 22:47,26/7/19 0:10,21,3,1,4,1,1,1,1,1,0,1,0,0,0,0,1,1,1,0,0,1,1,1,0,0,0,1,0,0,0,0,0,0
2261418,21/7/19 11:56,26/7/19 7:39,33,5,2,5,1,1,1,1,1,1,1,1,1,1,1,1,1,1,1,1,1,1,0,1,1,0,0,0,0,0,1,0,0
2299485,26/7/19 10:19,26/7/19 10:51,31,5,2,5,1,1,1,1,1,1,1,1,0,0,0,1,1,1,1,0,1,1,0,1,1,1,0,0,1,0,1,0,0
2296917,21/7/19 21:21,26/7/19 13:10,31,4,2,4,1,1,1,1,1,0,1,0,1,1,0,1,1,1,1,1,1,0,0,1,1,1,1,1,1,0,1,0,0
2276813,26/7/19 13:23,26/7/19 13:48,21,4,2,5,1,1,1,1,1,1,1,1,-,-,-,-,-,-,-,-,-,1,1,-,-,-,-,-,-,-,-,-,-
2298703,26/7/19 15:48,26/7/19 16:59,23,2,2,4,1,1,1,1,1,0,0,0,0,0,0,1,0,0,1,1,1,0,1,1,1,1,0,0,0,0,0,1,1
2283045,26/7/19 16:59,26/7/19 17:53,25,5,2,3,1,1,1,1,1,1,1,1,0,0,1,1,0,1,1,1,1,-,-,-,-,-,-,-,0,0,1,0,0
2284637,26/7/19 19:41,26/7/19 20:29,38,5,2,5,1,1,1,1,1,1,1,0,1,1,1,1,1,1,1,1,1,1,0,1,1,1,1,0,1,1,1,1,1
2284637,26/7/19 20:32,26/7/19 20:37,41,5,2,5,1,1,1,1,1,1,1,1,1,1,1,1,1,1,1,1,1,1,1,1,1,1,1,1,1,1,1,1,1
2270621,26/7/19 4:57,27/7/19 5:23,24,4,2,4,1,1,1,1,1,1,1,0,0,1,0,1,1,1,1,0,0,1,0,0,0,0,1,0,0,0,0,0,0
2249060,27/7/19 12:07,27/7/19 13:36,38,5,2,5,1,1,1,1,1,1,1,1,1,1,1,1,1,1,1,1,1,1,1,1,1,1,0,0,0,1,1,1,1
2295055,24/7/19 21:54,27/7/19 15:12,37,2,2,5,1,1,1,1,1,1,1,1,1,1,1,0,1,1,1,1,1,1,1,1,1,1,1,1,1,1,1,1,1
2257649,20/7/19 14:07,27/7/19 16:58,19,4,2,4,0,1,1,0,1,0,0,0,1,0,0,0,1,1,0,0,0,0,1,-,-,-,0,0,1,0,1,0,0
2282489,27/7/19 16:26,27/7/19 17:12,35,5,2,3,1,1,1,1,1,1,1,1,1,1,1,1,1,1,1,1,1,1,1,1,1,1,0,0,1,0,0,1,1
2298310,26/7/19 20:43,27/7/19 19:39,35,5,2,5,1,1,1,1,1,0,1,1,1,0,1,1,1,1,1,1,1,1,0,1,0,1,1,0,1,1,0,1,1
2277339,27/7/19 21:33,27/7/19 22:13,34,5,1,5,1,1,1,1,1,0,1,1,1,1,1,1,1,1,1,1,1,1,1,1,1,1,1,1,0,0,0,0,0
2298596,22/7/19 11:13,27/7/19 23:10,23,4,1,5,1,1,1,1,1,1,0,0,0,0,0,1,1,1,1,0,0,0,0,1,0,0,1,0,0,0,1,0,0
2298440,23/7/19 15:24,27/7/19 23:13,11,3,2,2,1,0,1,1,1,0,0,-,-,-,-,-,-,-,-,-,-,-,-,-,-,-,-,-,-,-,-,-,-
2297259,27/7/19 23:29,28/7/19 0:06,38,4,2,5,1,1,1,1,1,0,1,1,1,1,1,1,1,1,1,1,1,1,1,1,1,1,1,1,0,1,1,1,1
2297633,28/7/19 0:10,28/7/19 1:18,37,5,2,5,1,1,1,1,1,0,1,1,1,1,1,1,1,1,1,1,1,1,0,1,1,1,1,1,1,1,1,0,0
2281269,27/7/19 12:46,28/7/19 1:50,39,5,2,5,1,1,1,1,1,1,1,1,1,1,1,1,1,1,1,1,1,1,1,1,1,1,1,0,1,1,0,1,1
2267797,20/7/19 14:34,28/7/19 1:56,22,5,2,2,0,0,1,1,1,0,1,1,-,1,0,1,1,0,1,1,1,0,1,0,0,1,0,0,0,0,0,0,0
2224449,28/7/19 5:37,28/7/19 6:11,31,3,1,5,1,1,1,1,1,0,1,1,1,1,1,1,1,1,1,1,1,1,1,1,1,1,1,0,-,0,0,0,0
2277400,28/7/19 8:01,28/7/19 8:15,35,5,2,5,1,1,1,1,1,1,1,1,1,0,0,1,1,1,1,1,1,1,1,1,1,1,1,0,1,0,1,0,0
2298845,28/7/19 8:24,28/7/19 9:16,33,5,2,4,1,1,1,1,1,1,1,1,1,0,1,1,1,1,1,0,0,1,1,1,1,1,0,0,0,1,0,1,1
2275228,21/7/19 9:45,28/7/19 9:40,33,4,2,5,1,1,1,1,1,0,1,1,0,0,1,1,1,0,1,1,1,1,0,1,1,1,1,1,1,0,0,1,1
2245347,28/7/19 11:12,28/7/19 11:47,36,5,2,5,1,1,1,1,1,1,0,1,1,0,1,1,1,1,1,1,1,1,0,1,1,1,1,1,1,1,1,0,0
2245347,28/7/19 11:48,28/7/19 11:53,41,5,2,5,1,1,1,1,1,1,1,1,1,1,1,1,1,1,1,1,1,1,1,1,1,1,1,1,1,1,1,1,1
2280422,28/7/19 10:38,28/7/19 12:04,39,5,2,5,1,1,1,1,1,1,1,1,1,1,1,1,1,1,1,1,1,1,1,1,1,1,1,1,0,0,1,1,1
2292785,27/7/19 20:21,28/7/19 12:12,38,5,2,5,1,1,1,1,1,1,1,1,0,1,1,1,1,1,1,1,1,1,0,1,1,1,1,1,1,0,1,1,1
2244795,25/7/19 20:15,28/7/19 12:32,16,5,2,5,1,0,1,0,0,0,0,0,0,0,0,1,0,0,0,0,0,0,0,0,0,0,0,0,0,1,0,0,0
2271201,28/7/19 11:43,28/7/19 13:06,25,4,2,5,1,1,1,1,1,1,1,1,0,1,0,1,1,1,1,1,0,-,-,-,-,-,-,-,-,-,-,-,-
2230357,28/7/19 12:11,28/7/19 13:13,28,5,2,4,1,1,1,1,1,0,1,0,0,0,1,1,1,0,0,0,0,0,0,1,1,1,1,0,1,0,1,1,1
2298365,28/7/19 0:12,28/7/19 13:16,38,5,2,5,1,1,1,1,0,1,1,1,1,1,1,1,1,1,1,1,1,1,1,1,1,1,1,1,1,1,1,0,0
2294390,25/7/19 14:15,28/7/19 13:27,39,5,2,5,1,1,1,1,1,1,1,1,1,1,1,1,1,1,1,1,1,1,1,1,1,0,1,1,1,0,1,1,1
2282152,28/7/19 13:56,28/7/19 14:16,27,4,1,4,1,1,1,1,1,0,1,0,1,1,1,1,1,0,1,1,1,1,1,0,0,0,1,1,-,0,0,0,0
2294955,24/7/19 13:29,28/7/19 14:35,35,5,2,4,1,1,1,1,1,1,1,1,1,0,1,1,1,0,1,1,1,1,1,1,1,1,1,1,1,0,1,0,0
2276950,21/7/19 0:18,28/7/19 15:00,37,5,2,5,1,1,1,1,1,1,1,1,1,0,1,1,1,1,1,1,1,1,0,1,0,1,1,1,1,0,1,1,1
2280692,28/7/19 15:01,28/7/19 15:45,11,2,2,3,0,1,1,1,0,0,0,0,0,0,0,1,0,0,0,-,-,0,-,0,0,0,-,-,-,0,0,0,0
2240962,28/7/19 15:09,28/7/19 16:13,29,5,2,5,1,0,1,0,1,0,0,0,0,0,0,1,1,1,1,1,0,0,0,1,1,1,1,1,-,1,1,1,1
2183353,21/7/19 12:07,28/7/19 16:29,22,2,-,3,1,1,1,1,1,1,1,1,1,1,1,1,0,0,1,1,1,1,1,0,-,-,0,0,-,0,0,0,0
2297121,28/7/19 15:30,28/7/19 16:30,34,4,2,5,1,1,1,1,1,1,1,1,1,1,1,1,1,1,1,1,1,1,1,1,1,1,0,0,0,0,1,0,0
2271261,28/7/19 15:39,28/7/19 16:34,33,5,2,5,1,1,1,1,1,1,0,1,0,1,1,1,1,1,1,1,0,0,0,1,0,0,1,1,1,1,0,1,1
2298440,27/7/19 23:14,28/7/19 16:36,25,2,2,3,1,1,1,1,1,0,1,1,0,1,0,1,1,1,1,0,-,-,1,1,1,-,-,-,-,0,1,1,1
2296673,25/7/19 21:46,28/7/19 17:53,38,5,2,5,1,1,1,1,1,1,1,1,1,1,1,1,1,1,1,1,1,1,1,1,0,1,1,1,1,0,0,1,1
2260640,21/7/19 2:16,28/7/19 18:20,39,5,2,5,1,1,1,1,1,1,1,1,1,1,1,1,1,1,1,1,1,1,0,1,0,1,1,1,1,1,1,1,1
2199898,28/7/19 14:43,28/7/19 18:53,34,5,2,4,1,1,1,1,1,1,1,1,1,1,1,1,1,1,1,1,1,1,0,1,1,1,1,1,0,0,0,0,0
2298879,28/7/19 12:25,28/7/19 18:56,24,5,1,4,1,1,1,1,1,0,1,0,0,0,1,1,1,1,1,0,1,0,0,1,1,-,0,0,-,0,0,0,0
2293726,28/7/19 18:36,28/7/19 19:16,25,4,2,5,1,1,1,1,1,1,1,1,0,0,0,1,1,1,1,0,1,0,0,1,0,-,0,0,-,0,0,0,0
2298470,28/7/19 18:40,28/7/19 19:17,28,4,2,5,1,1,1,1,1,1,0,0,1,0,0,1,1,1,1,1,1,0,0,1,0,1,0,0,1,0,1,0,0
2259423,28/7/19 19:05,28/7/19 19:22,6,0,0,4,1,0,1,0,0,0,0,-,-,-,-,-,-,-,-,-,-,-,-,-,-,-,-,-,-,-,-,-,-
2281441,28/7/19 18:36,28/7/19 19:24,34,4,2,5,1,1,1,1,1,0,1,1,1,1,1,1,1,1,1,1,0,0,1,1,1,1,1,1,-,0,0,1,1
2296903,28/7/19 18:47,28/7/19 19:32,29,5,2,5,1,1,1,1,1,1,1,1,0,0,0,1,1,1,1,0,0,0,1,1,0,1,0,0,0,0,0,1,1
2214196,28/7/19 18:55,28/7/19 19:42,14,4,2,3,0,0,0,0,1,0,0,0,0,0,0,1,0,1,0,0,0,0,0,0,0,0,0,0,0,0,0,1,1
2294911,28/7/19 18:40,28/7/19 19:44,34,5,2,3,1,1,1,1,1,1,0,1,1,1,0,1,1,1,1,1,1,1,1,1,0,1,0,0,1,1,1,1,1
2298470,28/7/19 19:26,28/7/19 19:49,36,5,2,5,1,1,1,1,1,1,1,1,1,1,1,1,1,1,0,1,1,0,1,1,1,1,1,0,1,1,1,0,0
2296513,28/7/19 14:26,28/7/19 19:54,35,5,2,5,1,1,1,1,1,1,1,1,1,1,1,1,1,1,1,0,1,1,0,1,0,0,1,1,0,0,1,1,1
2296513,28/7/19 20:00,28/7/19 20:04,40,5,2,5,1,1,1,1,1,1,1,1,1,1,1,1,1,1,1,1,1,1,1,1,1,0,1,1,1,1,1,1,1
2296824,28/7/19 17:13,28/7/19 20:08,29,5,2,5,1,1,1,1,1,0,1,0,1,1,0,1,1,1,1,0,0,1,0,1,1,0,1,0,0,1,0,0,0
2280983,28/7/19 18:48,28/7/19 20:13,32,4,2,5,1,1,1,1,1,1,1,1,0,1,0,1,1,1,1,0,1,1,1,1,0,1,1,0,0,0,0,1,1
2266314,28/7/19 20:08,28/7/19 20:32,28,5,2,5,1,1,1,1,0,0,1,1,1,0,0,1,1,1,1,1,1,0,0,1,0,1,1,0,0,0,0,0,0
2260171,25/7/19 22:18,28/7/19 20:32,33,4,2,3,1,1,1,1,1,1,1,1,1,1,1,1,1,1,1,1,1,1,1,1,-,-,1,1,-,0,0,1,1
2295098,28/7/19 12:00,28/7/19 21:24,39,5,2,5,1,1,1,1,1,1,1,1,1,1,1,1,1,1,1,1,1,1,1,1,1,1,1,0,0,1,1,1,1
2293214,25/7/19 21:46,28/7/19 21:53,37,5,2,5,1,1,1,1,1,0,1,1,1,1,1,1,1,1,1,1,1,0,1,1,1,1,1,1,0,0,1,1,1
2294237,28/7/19 21:08,28/7/19 22:06,19,5,2,2,1,0,1,1,1,0,1,0,0,0,0,0,1,1,0,0,0,0,0,0,0,0,0,0,0,1,0,1,1
2294237,28/7/19 22:08,28/7/19 22:12,37,5,2,4,1,1,1,1,1,1,1,1,1,1,0,1,1,1,1,1,1,0,1,1,0,1,1,1,1,1,1,1,1
2265951,28/7/19 21:30,28/7/19 22:15,15,4,2,2,0,1,1,1,1,1,1,0,0,0,0,1,0,0,0,0,0,0,0,0,0,0,0,0,0,0,0,0,0
2299316,28/7/19 20:26,28/7/19 22:21,36,5,2,4,1,1,1,1,1,0,1,1,1,1,1,1,1,1,1,1,1,1,1,0,0,0,1,1,1,1,1,1,1
2294521,28/7/19 20:57,28/7/19 22:25,39,5,2,5,1,1,1,1,1,1,1,1,1,1,1,1,1,1,1,1,1,1,1,1,1,1,1,1,1,0,0,1,1
2298477,28/7/19 21:37,28/7/19 22:28,24,2,2,3,1,1,0,0,1,0,0,1,1,1,1,1,0,-,1,1,1,1,1,-,-,-,-,-,-,1,1,1,1
2296496,28/7/19 21:44,28/7/19 22:37,37,5,2,5,1,1,1,1,1,1,1,1,1,1,0,1,1,1,1,1,1,0,0,1,1,1,1,1,1,0,1,1,1
2294545,22/7/19 0:39,28/7/19 22:38,35,3,1,5,1,1,1,1,1,1,1,1,1,1,1,1,1,1,1,1,1,1,1,1,1,1,1,0,0,0,1,1,1
2289466,28/7/19 21:32,28/7/19 22:44,32,5,2,5,1,1,1,1,1,0,0,1,0,1,0,1,1,1,1,1,1,1,0,-,-,-,1,1,-,1,1,1,1
2294862,28/7/19 21:22,28/7/19 22:54,38,5,2,5,1,1,1,1,1,1,1,1,1,1,1,1,1,1,1,1,1,1,1,1,1,1,1,1,0,1,1,0,0
2296367,28/7/19 23:18,28/7/19 23:47,30,5,2,4,0,1,1,1,1,1,1,1,1,1,1,0,0,1,0,1,1,1,0,1,0,1,0,0,0,0,1,1,1
2293179,28/7/19 23:38,29/7/19 0:00,39,5,2,5,1,1,1,1,1,1,1,1,1,1,1,1,1,1,1,1,1,1,1,1,1,1,-,1,0,1,1,1,1
2261520,28/7/19 22:13,29/7/19 0:07,39,5,2,5,1,1,1,1,1,1,1,1,1,1,1,1,1,1,1,0,1,1,0,1,1,1,1,1,1,1,1,1,1
2246242,28/7/19 22:13,29/7/19 0:07,39,5,2,5,1,1,1,1,1,1,1,1,1,1,1,1,1,1,1,0,1,1,0,1,1,1,1,1,1,1,1,1,1
2266915,23/7/19 21:29,29/7/19 0:12,38,3,2,5,1,1,1,1,1,1,1,1,1,1,1,1,1,1,1,1,1,1,1,1,1,1,1,1,0,1,1,1,1
2275604,24/7/19 16:32,29/7/19 0:47,35,3,2,5,1,1,1,1,1,0,0,1,1,1,1,1,1,1,1,1,1,1,1,1,1,1,0,0,1,1,1,1,1
2275666,29/7/19 0:02,29/7/19 0:56,14,3,2,3,0,0,1,1,1,0,1,0,0,0,0,1,1,0,0,0,0,0,0,0,0,0,0,0,0,0,0,0,0
2275666,29/7/19 1:09,29/7/19 1:13,39,5,2,5,1,1,1,1,1,1,1,1,1,1,1,1,1,1,1,1,1,1,1,1,1,0,1,1,0,1,1,1,1
2294349,29/7/19 0:29,29/7/19 1:21,34,5,2,5,1,1,1,1,1,0,1,0,0,1,1,1,1,1,1,1,0,0,1,1,1,1,1,1,0,0,1,1,1
2283150,29/7/19 1:28,29/7/19 2:06,33,5,2,5,1,1,1,1,1,1,1,1,0,1,1,1,1,1,1,0,0,0,0,1,0,1,1,0,0,1,1,1,1
2267327,25/7/19 11:21,29/7/19 2:24,24,5,-,4,1,0,1,1,1,0,1,1,1,1,0,1,1,1,1,0,0,0,0,1,0,0,0,0,0,0,0,1,1
2264504,29/7/19 2:01,29/7/19 2:32,14,5,1,3,1,1,-,1,0,1,1,0,-,-,-,-,-,-,-,-,-,-,-,-,-,-,-,-,-,-,-,-,-
2264504,29/7/19 2:32,29/7/19 2:34,0,-,-,-,-,-,-,-,-,-,-,-,-,-,-,-,-,-,-,-,-,-,-,-,-,-,-,-,-,-,-,0,0
2259833,29/7/19 2:20,29/7/19 2:43,30,5,2,4,1,1,1,1,1,0,1,1,0,0,1,1,1,1,1,1,1,0,0,1,0,1,0,0,1,1,1,0,0
2264504,29/7/19 2:37,29/7/19 2:48,18,5,2,4,1,1,1,1,-,1,1,0,-,-,-,-,-,-,-,-,-,-,-,-,-,-,-,-,-,-,1,-,-
2261058,28/7/19 23:05,29/7/19 2:57,34,5,2,5,1,1,1,1,1,1,1,1,1,1,0,1,1,1,1,1,1,1,1,0,1,1,1,0,0,0,1,0,0
2299525,29/7/19 2:46,29/7/19 3:16,35,4,2,3,1,1,1,1,1,1,1,1,1,1,1,1,1,1,1,0,1,1,0,1,0,1,1,1,1,1,1,1,1
2292713,29/7/19 8:18,29/7/19 8:44,34,4,2,5,1,1,1,1,1,1,1,1,1,1,1,1,1,1,1,1,1,1,1,1,0,1,0,0,0,0,0,1,1
2263363,28/7/19 16:54,29/7/19 9:12,23,4,2,5,1,1,1,1,0,0,0,0,0,1,0,1,1,1,0,0,0,0,-,-,-,-,1,1,0,0,0,1,1
2294978,20/7/19 14:15,29/7/19 9:20,35,5,1,5,1,1,1,1,1,1,1,1,1,1,1,1,1,1,1,1,1,1,1,1,1,1,1,1,0,0,0,0,0
2294978,29/7/19 9:21,29/7/19 9:25,39,5,2,5,1,1,1,1,1,1,1,1,1,1,1,1,1,1,1,1,1,1,1,1,1,1,1,1,0,1,0,1,1
2294978,29/7/19 9:26,29/7/19 9:29,41,5,2,5,1,1,1,1,1,1,1,1,1,1,1,1,1,1,1,1,1,1,1,1,1,1,1,1,1,1,1,1,1
2257649,28/7/19 18:04,29/7/19 9:46,34,5,2,5,1,1,1,1,1,1,1,1,1,1,0,1,1,1,1,1,1,1,1,-,-,-,1,1,0,1,1,0,0
2282015,24/7/19 9:20,29/7/19 9:47,33,5,2,5,1,1,1,1,1,0,1,1,1,0,1,1,1,1,1,1,1,0,0,1,0,-,1,0,1,1,0,1,1
2266090,29/7/19 8:42,29/7/19 10:04,37,5,2,5,1,1,1,1,1,1,1,1,1,1,1,1,1,1,1,1,0,1,0,1,0,1,1,1,1,0,1,1,1
2293294,22/7/19 13:42,29/7/19 10:08,24,5,2,5,1,1,0,0,1,0,0,0,0,0,0,0,0,0,1,0,1,1,1,1,1,1,1,1,0,0,0,0,0
2260999,29/7/19 10:03,29/7/19 10:13,14,5,2,4,0,0,1,1,0,0,0,0,0,0,0,1,0,0,-,0,0,0,0,0,0,0,0,-,-,-,-,-,-
2258468,28/7/19 18:01,29/7/19 10:13,30,5,2,4,1,1,1,1,1,0,0,1,1,1,1,1,1,1,1,1,1,1,1,0,1,0,0,0,1,0,0,0,0
2297491,22/7/19 21:16,29/7/19 10:16,17,5,2,-,1,1,1,1,1,0,1,1,0,0,0,1,1,1,0,0,0,0,0,0,0,0,0,0,0,0,0,0,0
2260999,29/7/19 10:13,29/7/19 10:18,31,5,2,5,1,1,1,1,1,1,1,0,1,0,1,1,0,0,1,-,1,1,0,1,0,1,1,-,0,-,1,1,1
2260999,29/7/19 10:36,29/7/19 10:41,37,5,2,5,1,1,1,1,0,1,1,1,1,1,1,1,0,1,1,1,1,1,1,1,0,1,1,0,1,1,1,1,1
2266658,24/7/19 19:58,29/7/19 10:46,14,3,2,5,0,1,0,0,1,0,0,0,1,0,0,1,0,0,0,0,0,0,0,0,0,0,0,0,0,0,0,0,0
2284697,28/7/19 19:22,29/7/19 11:19,36,5,1,5,1,1,1,1,1,1,1,1,1,0,0,1,1,1,1,1,1,1,1,1,1,1,1,1,0,0,1,1,1
2294462,29/7/19 11:04,29/7/19 11:23,16,3,2,3,0,1,1,1,1,0,0,0,0,0,0,1,1,0,1,0,-,0,0,-,-,-,0,0,1,0,0,0,0
2257335,29/7/19 11:06,29/7/19 11:30,34,3,2,5,1,1,1,1,1,0,1,1,1,1,1,1,1,1,1,1,1,1,1,1,1,1,1,0,1,1,0,0,0
2296474,28/7/19 20:33,29/7/19 11:33,26,3,2,5,1,1,1,1,1,1,0,0,0,1,0,1,1,1,1,1,1,0,1,-,-,-,-,-,-,0,0,1,1
2299485,29/7/19 11:33,29/7/19 11:43,41,5,2,5,1,1,1,1,1,1,1,1,1,1,1,1,1,1,1,1,1,1,1,1,1,1,1,1,1,1,1,1,1
2262244,29/7/19 10:27,29/7/19 11:45,30,3,2,3,1,1,1,1,0,1,1,1,1,1,1,1,1,1,1,1,1,1,0,0,0,0,0,0,1,1,1,1,1
2294099,29/7/19 11:02,29/7/19 11:46,32,5,2,3,1,1,1,1,1,1,0,1,1,0,1,1,1,1,1,1,1,1,0,1,0,1,0,0,0,1,1,1,1
2264504,29/7/19 10:59,29/7/19 11:53,23,5,2,5,1,1,1,1,0,1,1,1,0,0,1,1,0,0,0,0,-,-,-,-,-,-,0,-,-,0,0,1,1
2262244,29/7/19 11:46,29/7/19 11:54,40,5,2,4,1,1,1,1,1,1,1,1,1,1,1,1,1,1,1,1,1,1,1,1,1,1,1,1,1,1,1,1,1
2262244,29/7/19 11:55,29/7/19 11:57,41,5,2,5,1,1,1,1,1,1,1,1,1,1,1,1,1,1,1,1,1,1,1,1,1,1,1,1,1,1,1,1,1
2171061,24/7/19 15:08,29/7/19 12:01,14,3,2,5,0,0,1,1,0,0,0,0,0,0,-,1,0,0,0,0,0,0,0,0,0,0,0,0,0,1,0,0,0
2297146,29/7/19 11:04,29/7/19 12:12,35,5,2,5,1,1,1,1,1,1,1,1,1,0,1,1,1,1,1,0,1,1,1,1,1,1,1,1,0,0,1,0,0
2162079,29/7/19 11:28,29/7/19 12:20,23,2,2,5,1,0,1,1,1,1,1,1,1,1,1,-,-,-,1,0,1,1,1,-,-,-,0,0,0,-,-,-,-
2298703,29/7/19 12:15,29/7/19 12:21,40,5,2,5,1,1,1,1,1,1,1,1,1,1,1,1,1,1,1,1,1,1,1,1,1,1,1,1,0,1,1,1,1
2296590,29/7/19 11:39,29/7/19 12:41,40,5,2,5,1,1,1,1,1,1,1,1,1,1,1,1,1,1,1,1,1,1,1,1,1,1,0,1,1,1,1,1,1
2283843,29/7/19 11:56,29/7/19 12:44,33,5,2,5,1,1,1,1,1,0,1,0,0,1,1,1,1,1,1,1,1,1,0,1,1,1,0,0,0,0,1,1,1
2294737,29/7/19 11:07,29/7/19 12:49,25,5,2,4,1,1,1,1,1,0,1,0,0,1,0,1,1,1,1,0,1,1,0,1,0,0,0,0,0,0,0,0,0
2282466,29/7/19 12:42,29/7/19 13:30,39,5,2,5,1,1,1,1,1,1,1,1,1,1,1,1,1,1,1,1,0,1,1,1,1,1,1,1,1,1,0,1,1
2299496,29/7/19 12:05,29/7/19 13:35,32,5,2,5,1,1,1,1,1,1,1,1,1,1,1,1,1,1,0,0,0,0,1,0,0,1,1,1,0,0,0,1,1
2281101,29/7/19 13:07,29/7/19 13:48,33,5,2,5,1,1,1,1,1,0,1,1,1,1,0,1,1,1,1,1,1,1,0,1,0,1,0,0,1,1,1,0,0
2296876,28/7/19 20:46,29/7/19 13:59,25,5,2,5,1,0,1,1,1,0,1,1,1,1,1,1,1,1,-,-,-,-,-,-,-,-,0,0,0,1,0,0,0
2280694,29/7/19 10:37,29/7/19 13:59,31,5,2,2,1,1,1,1,1,1,1,1,1,1,1,-,1,0,1,1,1,1,1,-,-,-,1,1,-,1,0,1,1
2298367,29/7/19 13:29,29/7/19 14:01,38,5,2,4,1,1,1,1,1,0,0,1,1,1,1,1,1,1,1,1,1,1,1,1,1,1,1,1,1,1,1,1,1
2293218,28/7/19 15:19,29/7/19 14:07,33,5,2,3,1,1,1,1,1,0,1,1,0,0,0,1,1,1,1,0,1,1,1,1,1,1,1,1,1,1,0,1,1
2298789,21/7/19 1:16,29/7/19 14:13,33,5,2,3,1,1,1,1,1,0,1,1,1,0,1,1,1,1,1,1,1,1,0,1,0,1,1,1,0,1,0,1,1
2298532,21/7/19 10:40,29/7/19 14:18,33,3,1,5,1,1,1,1,1,0,1,1,1,1,1,1,1,1,1,1,1,1,1,1,1,1,1,1,0,0,1,0,0
2219667,29/7/19 13:36,29/7/19 14:24,35,4,2,5,1,1,1,1,1,0,1,1,1,1,1,1,1,1,1,1,1,0,0,1,1,0,1,1,0,1,1,1,1
2293145,29/7/19 13:35,29/7/19 14:26,33,5,2,5,1,1,1,1,1,1,1,1,0,0,0,1,1,1,1,1,1,1,1,1,1,1,0,0,1,1,0,0,0
2266047,29/7/19 13:36,29/7/19 14:29,21,5,2,4,1,1,1,1,1,1,1,0,-,0,0,1,1,1,-,-,-,0,-,-,-,-,-,-,-,-,0,-,-
2294430,27/7/19 23:45,29/7/19 14:30,27,4,2,5,1,1,1,1,1,1,1,0,1,0,1,1,1,0,1,1,1,0,0,1,0,1,0,0,0,0,0,0,0
2261027,28/7/19 18:56,29/7/19 14:32,37,5,2,5,1,1,1,1,1,0,1,1,1,1,1,1,1,1,1,1,1,1,1,1,1,1,0,0,0,1,1,1,1
2298600,26/7/19 0:11,29/7/19 14:32,37,5,2,5,1,1,1,1,1,0,1,1,1,1,1,1,1,1,1,1,1,1,1,1,1,1,0,0,0,1,1,1,1
2298466,29/7/19 14:06,29/7/19 14:41,20,3,1,4,0,1,1,1,1,0,1,1,0,0,0,1,1,1,-,-,-,-,-,0,-,-,0,0,-,1,-,1,1
2279521,29/7/19 13:43,29/7/19 14:42,30,5,2,5,1,1,0,1,1,0,1,1,1,0,1,1,1,0,1,1,1,1,0,1,0,1,1,1,0,0,0,0,0
2297016,29/7/19 14:14,29/7/19 14:44,39,5,2,5,1,1,1,1,1,1,1,1,1,1,1,1,1,1,1,1,1,1,1,1,1,1,1,1,0,0,1,1,1
2297440,25/7/19 14:58,29/7/19 14:44,38,5,0,5,1,1,1,1,1,1,1,1,1,1,1,1,1,1,1,1,1,1,1,1,1,1,1,1,1,0,1,1,1
2242622,29/7/19 14:05,29/7/19 14:45,15,4,2,3,1,1,1,1,0,1,0,0,0,0,0,1,0,0,0,0,0,0,0,0,0,0,0,0,0,0,0,0,0
2282961,29/7/19 14:21,29/7/19 14:45,20,4,2,4,1,1,1,1,1,1,1,1,0,1,1,-,-,-,-,-,-,-,-,-,-,-,-,-,-,-,-,-,-
2214442,29/7/19 14:21,29/7/19 14:51,37,5,2,5,1,1,1,1,1,0,1,0,1,1,1,1,1,1,1,1,1,1,1,1,0,1,1,0,1,1,1,1,1
2267316,29/7/19 14:32,29/7/19 14:53,24,5,2,5,1,1,1,1,1,1,1,1,0,1,1,1,1,0,-,-,-,-,-,-,-,-,-,-,-,-,-,-,-
2283500,29/7/19 14:39,29/7/19 15:02,23,4,2,5,1,1,1,1,1,0,1,0,0,1,0,1,0,1,0,0,1,1,1,0,0,0,0,0,0,0,0,0,0
2232912,29/7/19 13:42,29/7/19 15:04,18,4,2,5,0,1,1,1,1,0,0,0,0,0,0,1,1,1,0,0,0,0,0,0,0,0,0,0,0,0,0,0,0
2232669,29/7/19 14:37,29/7/19 15:05,35,4,2,5,1,1,1,1,1,1,1,1,1,1,1,1,1,1,1,1,1,1,1,1,1,1,1,1,0,0,0,0,0
2298361,29/7/19 15:02,29/7/19 15:21,25,3,2,3,1,1,1,1,1,0,1,1,1,1,1,0,1,0,1,1,1,1,1,0,0,0,0,1,0,0,0,0,0
2293226,28/7/19 19:18,29/7/19 15:32,33,5,2,5,1,1,1,0,1,0,1,1,0,0,0,1,1,1,0,1,1,0,1,1,1,1,1,1,0,1,1,1,1
2294736,29/7/19 15:06,29/7/19 15:38,34,5,2,5,1,1,1,1,1,1,1,1,1,0,1,1,1,1,1,0,1,0,0,1,0,1,1,0,1,0,1,1,1
2281741,29/7/19 14:40,29/7/19 15:39,28,5,2,3,1,0,1,1,1,0,0,1,1,1,1,1,1,1,1,1,1,0,0,1,1,-,1,0,1,0,-,0,0
2257860,29/7/19 15:18,29/7/19 15:47,33,3,2,3,1,1,1,1,1,0,1,1,1,1,1,1,1,1,1,1,1,1,1,1,1,1,1,0,1,0,-,1,1
2281267,29/7/19 15:04,29/7/19 15:59,21,4,2,4,1,1,1,1,1,0,1,0,0,0,0,1,0,1,0,-,-,0,0,0,0,0,1,0,-,0,0,1,1
2281268,28/7/19 21:50,29/7/19 16:26,32,4,2,5,1,0,1,1,1,1,1,0,1,0,1,1,0,0,1,1,1,1,1,1,1,1,1,0,0,1,0,1,1
2297203,29/7/19 16:02,29/7/19 16:30,33,4,2,5,1,0,1,1,1,1,1,0,1,0,1,1,0,0,1,1,1,1,1,1,1,1,1,1,0,1,0,1,1
2298357,29/7/19 12:14,29/7/19 16:46,35,5,2,5,1,1,1,1,1,1,0,0,0,1,1,1,1,1,1,1,1,1,1,1,1,1,1,1,1,1,0,0,0
2281267,29/7/19 16:00,29/7/19 16:46,36,5,2,5,1,1,1,1,1,0,1,1,1,0,1,1,1,1,1,0,0,1,1,1,1,1,1,1,-,1,1,1,1
2298357,29/7/19 16:47,29/7/19 16:58,41,5,2,5,1,1,1,1,1,1,1,1,1,1,1,1,1,1,1,1,1,1,1,1,1,1,1,1,1,1,1,1,1
2248940,28/7/19 14:50,29/7/19 17:40,23,3,2,4,1,1,0,0,1,1,1,1,0,1,1,0,1,1,0,0,0,0,1,0,0,0,1,1,0,0,1,0,0
2223706,26/7/19 15:04,29/7/19 17:50,40,5,2,5,1,1,1,1,1,1,1,1,1,1,1,1,1,1,1,1,1,1,1,1,1,1,1,1,0,1,1,1,1
2244818,29/7/19 17:57,29/7/19 18:17,27,5,2,3,1,1,0,1,1,1,1,0,0,0,0,1,0,0,1,1,1,1,1,1,1,1,0,0,0,0,-,1,1
2260679,29/7/19 18:29,29/7/19 18:29,0,-,-,-,-,-,-,-,-,-,-,-,-,-,-,-,-,-,-,-,-,-,-,-,-,-,-,-,-,-,-,-,-
2260679,29/7/19 18:30,29/7/19 19:26,35,2,2,4,1,1,1,0,1,1,1,1,1,1,1,1,1,1,1,1,1,1,1,1,1,1,1,1,0,1,1,1,1
2209610,29/7/19 18:46,29/7/19 19:27,36,5,2,4,0,1,1,1,1,1,1,1,1,1,1,1,1,1,1,1,1,1,1,1,1,1,1,1,-,0,0,1,1
2268885,29/7/19 13:59,29/7/19 20:11,25,5,2,4,1,0,1,1,1,1,1,-,0,1,1,1,0,0,1,1,1,1,1,-,-,-,0,-,-,-,-,-,-
2262161,29/7/19 17:49,29/7/19 20:28,37,5,2,5,1,1,1,1,1,0,1,1,1,1,0,1,1,1,1,1,1,1,0,1,1,1,1,1,1,0,1,1,1
2298472,29/7/19 18:21,29/7/19 20:40,31,5,2,5,1,1,1,1,1,0,1,1,1,1,0,1,0,1,1,1,1,0,1,1,1,0,1,1,0,0,0,0,0
2269651,29/7/19 19:50,29/7/19 20:42,25,4,2,4,1,1,1,1,1,1,1,0,0,0,1,1,1,1,1,0,0,0,0,1,0,1,0,0,1,0,0,0,0
2260462,29/7/19 17:49,29/7/19 20:47,31,3,2,5,1,1,1,1,1,1,1,1,1,1,1,1,1,1,0,0,0,0,1,0,0,1,1,0,1,-,1,1,1
2296813,29/7/19 15:03,29/7/19 20:51,30,4,1,5,1,1,1,1,1,0,1,1,1,1,1,1,1,1,1,1,0,1,1,-,-,-,-,-,-,0,1,1,1
2282015,29/7/19 19:55,29/7/19 20:56,31,5,2,5,1,0,1,1,1,0,1,1,1,1,1,1,0,1,1,1,1,0,1,-,-,-,1,0,0,1,0,1,1
2269651,29/7/19 20:45,29/7/19 20:56,41,5,2,5,1,1,1,1,1,1,1,1,1,1,1,1,1,1,1,1,1,1,1,1,1,1,1,1,1,1,1,1,1
2293087,29/7/19 19:47,29/7/19 20:57,39,5,2,5,1,1,1,1,1,1,1,1,1,1,1,1,1,1,1,1,1,0,1,1,1,1,0,1,1,1,1,1,1
2266497,29/7/19 20:23,29/7/19 21:08,26,5,2,4,1,1,1,1,1,0,0,0,0,1,0,1,1,1,1,1,0,1,1,0,0,1,0,0,0,1,0,0,0
2292327,29/7/19 11:22,29/7/19 21:10,28,4,1,5,1,0,1,0,1,0,1,1,0,1,1,1,1,1,1,1,1,1,0,1,1,1,0,0,1,0,0,0,0
2215363,28/7/19 22:03,29/7/19 21:22,16,5,2,5,1,1,1,1,-,-,-,-,-,-,-,-,-,-,-,-,-,-,-,-,-,-,-,-,-,-,-,-,-
2292327,29/7/19 21:15,29/7/19 21:23,41,5,2,5,1,1,1,1,1,1,1,1,1,1,1,1,1,1,1,1,1,1,1,1,1,1,1,1,1,1,1,1,1
2213256,29/7/19 21:53,29/7/19 21:59,13,2,2,2,1,1,1,1,1,-,1,1,-,-,-,-,-,-,-,-,-,-,-,-,-,-,-,-,-,-,-,-,-
2213256,29/7/19 22:00,29/7/19 22:06,37,5,2,4,1,1,1,1,1,1,1,1,1,-,1,1,1,1,1,1,1,1,1,1,1,1,1,1,0,-,1,1,1
2297648,29/7/19 19:42,29/7/19 22:09,35,5,2,4,1,1,1,1,1,1,1,1,1,1,1,1,1,1,1,1,1,0,1,1,1,1,0,1,0,0,0,1,1
2230450,29/7/19 20:12,29/7/19 22:12,10,3,1,3,1,0,0,0,1,0,0,0,0,0,0,1,0,0,-,-,-,-,-,-,-,-,-,-,-,-,-,-,-
2297069,22/7/19 12:27,29/7/19 22:14,34,5,2,5,1,1,1,1,1,0,1,1,1,1,1,1,1,0,1,1,1,1,1,1,0,1,1,1,1,0,0,0,0
2215363,29/7/19 21:24,29/7/19 22:14,39,5,2,5,1,1,1,1,1,1,1,1,1,1,1,1,1,1,1,1,1,1,1,1,1,1,1,0,0,1,1,1,1
2278751,29/7/19 22:00,29/7/19 22:40,29,4,2,4,1,1,1,0,1,0,1,1,1,1,1,1,0,0,1,1,1,1,1,0,0,-,1,1,0,0,0,1,1
2296821,29/7/19 13:04,29/7/19 22:51,33,5,2,5,1,1,1,1,1,1,1,1,0,0,1,1,1,1,1,1,0,1,0,1,1,1,1,1,0,0,1,0,0
2297519,21/7/19 0:05,29/7/19 23:22,32,5,2,5,1,1,1,1,1,0,1,1,1,0,0,1,1,1,0,0,0,0,1,1,1,1,1,1,1,0,0,1,1
2224626,29/7/19 8:48,29/7/19 23:31,35,5,2,5,1,1,1,0,1,0,1,0,0,1,1,1,1,1,1,1,1,1,0,1,1,1,1,0,1,1,1,1,1
2208975,29/7/19 22:36,29/7/19 23:31,35,5,2,5,1,1,1,0,1,0,1,0,0,1,1,1,1,1,1,1,1,1,0,1,1,1,1,0,1,1,1,1,1
2295128,28/7/19 13:25,29/7/19 23:53,39,5,2,5,1,1,1,1,1,1,1,1,1,1,1,1,1,1,1,1,1,1,0,1,1,1,1,1,1,1,0,1,1
2230091,29/7/19 23:42,29/7/19 23:59,11,1,2,2,0,0,0,1,1,0,0,0,0,0,0,1,0,0,0,0,0,0,0,0,1,0,0,0,0,1,1,0,0
2297299,29/7/19 23:31,30/7/19 0:04,31,3,2,1,0,1,1,1,1,1,1,1,1,1,1,1,0,0,1,1,1,1,1,1,1,1,1,1,0,1,1,1,1
2293261,30/7/19 0:16,30/7/19 0:30,16,3,2,4,1,1,1,1,1,1,1,-,-,-,-,-,-,-,-,-,-,-,-,-,-,-,-,-,-,-,-,-,-
2262387,29/7/19 23:29,30/7/19 0:33,23,5,2,5,1,0,1,1,1,0,1,0,0,0,0,1,1,1,0,0,0,0,0,0,0,1,0,0,0,1,1,0,0
2267845,30/7/19 0:42,30/7/19 1:14,26,5,2,4,0,1,1,1,1,0,0,1,1,1,1,1,1,0,0,0,0,0,0,1,0,0,1,1,1,1,0,0,0
2276825,30/7/19 1:45,30/7/19 2:09,10,2,2,2,0,1,1,0,1,0,0,0,0,0,0,1,0,0,0,0,0,0,0,-,-,-,-,-,-,-,-,-,-
2284646,29/7/19 12:22,30/7/19 2:18,39,5,1,5,1,1,1,1,1,0,1,1,1,1,1,1,1,1,1,1,1,1,1,1,1,1,1,1,1,1,1,1,1
2293261,30/7/19 0:30,30/7/19 6:40,29,5,2,5,1,1,1,1,1,1,1,0,0,1,0,1,1,0,1,0,0,0,0,1,1,1,0,0,-,0,1,1,1
2231950,30/7/19 6:36,30/7/19 7:20,17,2,2,5,1,1,1,1,1,0,0,0,0,0,0,1,1,0,0,0,0,0,0,0,0,0,1,0,0,0,0,0,0
2231950,30/7/19 7:21,30/7/19 7:24,41,5,2,5,1,1,1,1,1,1,1,1,1,1,1,1,1,1,1,1,1,1,1,1,1,1,1,1,1,1,1,1,1
2266691,29/7/19 21:13,30/7/19 8:39,24,5,2,4,1,1,1,1,1,0,0,1,-,1,1,-,-,-,0,0,0,-,-,-,-,-,1,0,0,1,1,1,1
2296984,29/7/19 23:22,30/7/19 8:42,34,5,2,5,1,1,1,1,1,0,1,1,1,1,1,1,1,0,1,1,1,1,1,1,1,1,1,1,-,0,0,0,0
2266691,30/7/19 8:54,30/7/19 8:57,28,5,2,5,1,1,1,1,1,0,0,1,-,1,1,1,1,-,0,0,0,1,-,-,-,-,1,0,0,1,1,1,1
2230091,30/7/19 8:58,30/7/19 9:04,36,5,2,4,1,1,1,1,1,1,1,1,1,1,1,1,1,1,1,0,0,0,1,1,1,1,1,1,0,1,1,1,1
2270649,30/7/19 8:44,30/7/19 9:09,38,5,2,5,1,1,1,1,1,1,1,1,1,1,1,1,1,1,1,1,1,0,1,1,1,1,1,1,0,0,1,1,1
2294551,30/7/19 9:04,30/7/19 9:38,30,5,2,5,0,1,1,1,1,0,0,1,1,1,0,1,1,1,1,1,0,0,0,1,1,1,1,0,1,1,0,0,0
2297008,30/7/19 9:13,30/7/19 9:46,33,5,2,5,1,1,1,1,1,1,1,1,1,1,0,1,1,1,1,1,1,1,0,0,1,1,1,0,0,0,1,0,0
2258607,30/7/19 8:53,30/7/19 10:29,25,5,2,5,1,0,1,1,1,1,1,0,0,1,0,1,1,1,0,0,0,0,0,0,0,0,1,1,1,0,-,0,0
2294465,29/7/19 15:02,30/7/19 10:42,40,5,2,5,1,1,1,1,1,1,1,1,0,1,1,1,1,1,1,1,1,1,1,1,1,1,1,1,1,1,1,1,1
2298555,30/7/19 9:21,30/7/19 10:54,37,5,2,4,1,1,1,1,1,0,1,1,1,1,1,1,1,1,1,1,1,1,1,1,0,1,1,1,0,1,1,1,1
2297613,30/7/19 10:07,30/7/19 10:58,33,5,2,5,1,1,1,1,1,0,1,1,1,1,1,1,1,1,1,1,1,1,1,1,0,1,0,0,0,1,0,0,0
2280250,30/7/19 10:14,30/7/19 11:22,37,5,0,4,1,1,1,1,1,1,1,1,1,1,1,1,1,1,1,1,1,1,1,1,1,0,1,1,1,1,1,1,1
2298523,30/7/19 11:03,30/7/19 11:28,32,4,2,5,1,1,1,1,1,1,1,1,1,1,0,1,1,-,1,1,0,0,0,1,1,1,-,-,-,1,1,1,1
2296698,29/7/19 14:25,30/7/19 11:39,37,5,2,5,1,1,1,1,1,1,1,1,1,1,1,1,1,1,1,1,1,1,1,1,1,1,1,0,1,0,1,0,0
2289582,30/7/19 10:58,30/7/19 11:41,30,5,1,5,1,1,1,1,1,0,0,1,1,0,0,1,1,1,1,0,1,1,0,1,1,1,1,1,0,1,0,0,0
2267024,30/7/19 11:08,30/7/19 11:42,31,5,2,5,0,1,1,1,1,1,1,1,1,1,1,1,0,0,1,1,1,1,1,1,1,1,0,0,0,0,0,0,0
2283613,30/7/19 11:20,30/7/19 11:47,34,5,2,4,1,1,1,1,1,0,1,1,1,1,0,1,1,1,1,1,0,1,1,1,0,1,0,1,1,1,0,1,1
2277079,30/7/19 11:03,30/7/19 11:52,34,5,2,5,1,1,1,1,1,0,0,0,0,0,1,1,1,1,1,1,1,1,0,1,1,1,1,1,1,0,1,1,1
2254995,30/7/19 10:55,30/7/19 11:54,29,4,2,4,1,0,1,1,1,1,1,1,1,1,1,1,1,0,1,1,1,1,1,1,-,-,1,0,0,0,0,0,0
2273276,30/7/19 12:00,30/7/19 12:26,40,5,2,5,1,1,1,1,1,1,1,1,1,1,1,1,1,1,1,1,1,1,1,1,0,1,1,1,1,1,1,1,1
2231416,30/7/19 11:59,30/7/19 12:33,34,4,2,4,1,1,1,1,1,0,1,1,1,1,1,1,1,1,1,0,1,1,1,0,1,1,1,1,1,0,0,1,1
2242622,30/7/19 13:06,30/7/19 13:11,40,5,2,4,1,1,1,1,1,1,1,1,1,1,1,1,1,1,1,1,1,1,1,1,1,1,1,1,1,1,1,1,1
2258911,23/7/19 16:05,30/7/19 13:39,37,5,2,5,1,1,1,1,1,0,1,1,1,1,1,1,1,1,1,1,1,1,1,1,1,1,1,1,0,1,1,0,0
2287050,30/7/19 13:44,30/7/19 13:51,35,5,2,5,1,1,1,1,1,0,1,1,0,0,0,-,1,1,1,1,1,1,1,1,1,1,1,1,0,1,1,1,1
2243495,27/7/19 11:41,30/7/19 14:50,38,5,2,5,1,1,1,1,1,1,1,1,1,1,1,1,1,1,1,1,1,1,0,1,1,1,1,1,1,0,0,1,1
2299437,30/7/19 13:35,30/7/19 15:04,36,5,2,5,1,1,1,1,1,1,1,1,0,1,1,1,1,1,0,0,0,1,1,1,1,1,1,0,1,1,1,1,1
2296983,30/7/19 14:56,30/7/19 15:19,40,5,2,5,1,1,1,1,1,1,1,1,1,1,1,1,1,1,1,1,1,1,0,1,1,1,1,1,1,1,1,1,1
2281267,30/7/19 14:13,30/7/19 15:20,23,3,2,4,1,1,1,1,1,0,0,0,0,0,1,1,1,0,1,1,0,0,0,1,1,1,0,0,0,0,1,0,0
2297155,30/7/19 14:31,30/7/19 15:23,35,5,2,5,1,1,1,1,1,1,1,1,1,1,1,1,1,1,1,1,0,1,1,1,1,1,1,1,0,0,0,0,0
2276122,20/7/19 21:09,30/7/19 15:36,31,5,2,5,1,1,1,1,1,0,1,1,1,0,0,1,1,1,1,1,1,1,0,1,0,1,1,1,0,0,0,0,0
2298464,30/7/19 14:11,30/7/19 15:40,33,5,1,5,1,1,1,1,1,0,1,1,1,1,1,1,0,1,1,1,1,0,1,1,0,1,1,1,0,0,-,1,1
2294375,26/7/19 18:13,30/7/19 15:55,24,2,2,3,1,1,1,1,1,1,0,0,0,1,0,1,1,1,1,1,0,1,0,1,0,0,1,1,0,1,0,0,0
2299437,30/7/19 15:51,30/7/19 15:58,40,5,2,5,1,1,1,1,1,1,1,1,1,1,1,1,1,0,1,1,1,1,1,1,1,1,1,1,1,1,1,1,1
2270826,30/7/19 15:36,30/7/19 16:19,14,3,1,5,0,0,1,0,1,0,1,0,0,0,0,1,0,0,0,0,0,0,0,0,0,-,0,0,0,1,0,0,0
2265006,30/7/19 15:34,30/7/19 16:22,40,5,2,5,1,1,1,1,1,1,1,1,1,1,1,1,1,1,1,1,1,1,0,1,1,1,1,1,1,1,1,1,1
2270055,27/7/19 20:36,30/7/19 16:38,25,4,2,5,1,1,1,1,1,0,0,1,0,0,1,1,1,1,0,0,0,0,0,0,1,0,1,0,0,1,1,0,0
2299516,30/7/19 16:13,30/7/19 16:53,39,5,2,5,1,1,1,1,1,1,1,1,1,1,1,1,1,1,1,1,1,1,1,1,1,1,1,1,0,1,0,1,1
2289753,26/7/19 17:37,30/7/19 17:04,31,5,0,5,1,1,1,1,1,0,1,1,1,1,0,1,1,1,1,1,1,1,1,0,1,1,0,0,0,0,0,1,1
2299319,30/7/19 17:21,30/7/19 17:34,34,5,2,5,1,1,1,1,1,1,1,1,1,1,0,1,0,1,1,1,0,1,1,1,0,1,-,-,-,1,1,1,1
2283613,30/7/19 17:34,30/7/19 17:38,40,4,2,5,1,1,1,1,1,1,1,1,1,1,1,1,1,1,1,1,1,1,1,1,1,1,1,1,1,1,1,1,1
2294921,30/7/19 17:37,30/7/19 17:40,41,5,2,5,1,1,1,1,1,1,1,1,1,1,1,1,1,1,1,1,1,1,1,1,1,1,1,1,1,1,1,1,1
2292069,30/7/19 17:08,30/7/19 17:43,32,5,2,5,1,1,0,1,1,0,0,1,1,0,1,1,1,1,1,1,1,1,1,1,1,1,1,1,0,-,-,0,0
2296588,30/7/19 16:08,30/7/19 17:47,38,4,2,5,1,1,1,1,1,0,1,1,1,1,1,1,1,1,1,1,1,1,1,1,1,1,1,1,1,0,1,1,1
2277718,30/7/19 16:11,30/7/19 17:55,30,5,2,4,1,1,1,1,1,0,1,1,1,1,1,1,1,0,1,1,1,1,0,1,1,0,0,0,0,1,0,0,0
2297054,30/7/19 17:33,30/7/19 18:01,21,4,2,5,1,1,1,1,1,1,1,0,1,0,0,1,1,0,-,-,-,-,-,-,-,-,-,-,-,-,-,-,-
2276161,30/7/19 18:11,30/7/19 18:40,34,5,2,5,1,1,1,1,1,1,1,1,1,1,1,1,1,1,1,1,1,0,1,1,0,0,1,1,0,1,0,0,0
2297589,30/7/19 18:16,30/7/19 18:42,30,5,2,4,0,1,1,1,1,0,0,0,1,1,1,1,1,1,1,0,1,1,1,1,1,1,1,1,0,0,0,0,0
2271415,30/7/19 18:22,30/7/19 18:46,27,4,2,2,1,1,1,1,1,1,1,0,0,1,1,1,1,1,1,1,1,0,1,0,0,0,0,0,0,1,0,1,1
2266622,21/7/19 23:27,30/7/19 18:53,36,5,2,5,1,1,1,1,1,1,1,1,1,1,0,1,1,1,1,0,1,1,1,1,1,1,1,1,1,1,0,0,0
2276305,30/7/19 17:49,30/7/19 18:57,34,5,2,5,1,1,1,1,1,0,1,1,1,0,0,1,1,1,1,1,1,1,1,1,1,1,1,1,-,0,1,0,0
2296431,30/7/19 18:03,30/7/19 18:58,30,4,2,5,1,1,1,1,1,1,0,0,0,1,1,1,1,1,1,1,0,0,0,1,0,1,1,0,1,-,-,1,1
2280404,30/7/19 17:36,30/7/19 19:13,38,5,2,5,1,1,1,1,1,1,1,1,1,1,1,1,1,1,1,1,1,1,0,1,1,1,0,0,1,1,1,1,1
2298680,30/7/19 17:37,30/7/19 19:36,27,5,2,4,1,1,1,1,1,1,1,0,0,1,0,1,0,1,1,1,1,0,0,1,0,1,1,0,0,0,0,0,0
2217803,30/7/19 18:53,30/7/19 19:44,35,4,2,5,1,1,0,1,1,1,0,1,1,1,1,1,1,1,1,1,1,1,1,1,1,1,1,1,0,1,1,0,0
2266968,26/7/19 9:07,30/7/19 19:47,27,5,2,5,1,0,0,1,0,0,1,0,1,1,1,1,1,0,1,1,1,1,1,-,-,-,1,0,0,0,1,0,0
2278676,30/7/19 19:18,30/7/19 19:48,26,5,2,5,1,1,1,1,1,1,1,1,0,-,-,1,1,1,1,1,1,0,-,-,-,-,0,0,-,0,0,0,0
2297342,30/7/19 18:51,30/7/19 19:56,24,3,1,3,1,0,0,1,1,0,1,1,1,1,1,1,0,0,1,1,1,1,1,1,1,1,-,-,-,0,-,-,-
2276813,30/7/19 15:42,30/7/19 20:45,34,5,2,5,1,1,1,1,1,0,0,1,1,1,1,1,1,1,1,1,1,1,1,1,0,1,1,0,0,0,0,1,1
2261241,29/7/19 13:00,30/7/19 20:54,25,5,2,5,1,1,1,0,1,1,1,0,0,0,-,1,1,0,1,0,0,0,0,1,1,-,1,1,0,-,-,-,-
2297557,30/7/19 19:46,30/7/19 21:02,37,4,2,5,1,1,1,1,1,1,0,1,1,1,1,1,1,1,1,1,1,1,1,1,1,1,1,1,1,1,1,0,0
2297733,30/7/19 20:54,30/7/19 21:20,37,5,2,5,1,1,1,1,1,1,1,1,1,1,0,1,1,1,1,1,1,0,1,1,1,1,1,1,0,0,1,1,1
2295148,30/7/19 21:02,30/7/19 21:55,36,4,2,5,1,0,1,1,1,1,1,1,1,0,1,1,1,1,1,1,1,1,1,1,1,0,1,0,1,1,1,1,1
2297436,30/7/19 21:37,30/7/19 21:59,30,4,2,4,1,1,1,1,1,1,0,1,0,1,0,1,1,1,1,1,1,1,0,0,0,1,1,1,1,0,1,0,0
2287036,30/7/19 12:30,30/7/19 22:13,39,5,2,4,1,1,1,1,1,1,1,1,1,1,1,1,1,1,1,1,1,1,1,1,1,1,1,1,0,1,1,1,1
2228594,30/7/19 14:30,30/7/19 22:14,34,5,2,4,1,1,1,0,1,0,1,1,1,1,1,1,0,1,1,1,1,1,1,1,1,1,1,1,1,0,1,0,0
2271840,30/7/19 10:58,30/7/19 22:17,28,5,0,3,1,1,1,1,1,0,1,1,1,1,1,1,0,0,1,1,1,1,1,1,0,0,1,1,0,1,0,0,0
2294193,21/7/19 11:58,30/7/19 22:34,37,5,2,4,1,1,1,1,1,1,1,1,1,1,0,1,1,1,1,1,1,1,0,1,1,1,1,1,0,1,1,1,1
2271840,30/7/19 22:37,30/7/19 22:42,37,5,2,3,1,1,1,0,1,1,1,1,1,1,1,1,1,1,1,1,1,1,1,1,1,1,1,1,0,1,1,1,1
2257181,30/7/19 21:16,30/7/19 23:06,32,2,2,3,1,1,1,1,1,1,0,1,1,1,1,1,1,1,1,1,1,1,1,1,1,1,1,1,0,-,0,1,1
2281268,30/7/19 22:41,30/7/19 23:08,34,5,2,4,1,1,1,1,1,0,0,1,1,1,0,1,1,1,1,1,1,1,0,1,1,1,0,0,1,1,1,1,1
2297817,30/7/19 16:52,30/7/19 23:17,37,5,2,5,1,1,1,1,1,1,1,1,1,0,0,1,1,1,1,0,1,1,0,1,1,1,1,1,1,1,1,1,1
2280518,30/7/19 22:48,30/7/19 23:42,34,5,2,5,1,1,1,1,1,1,1,1,1,1,0,1,1,1,1,1,1,1,1,1,0,1,0,0,0,-,0,1,1
2218982,30/7/19 14:57,31/7/19 0:56,21,4,0,4,0,1,1,0,0,1,1,1,1,1,1,1,1,-,0,0,0,0,1,1,1,0,0,0,-,0,0,0,0
2275405,28/7/19 14:53,31/7/19 2:25,0,-,-,-,-,-,-,-,-,-,-,-,-,-,-,-,-,-,-,-,-,-,-,-,-,-,-,-,-,-,-,-,-
2283028,27/7/19 5:07,31/7/19 3:29,30,5,2,4,1,1,1,1,1,0,1,1,0,1,1,1,1,1,1,1,1,1,0,-,-,-,-,-,-,1,0,1,1
2300108,30/7/19 23:47,31/7/19 5:25,38,5,2,5,1,1,1,1,1,1,1,1,1,1,1,1,1,1,1,1,1,1,0,1,1,1,1,0,1,0,1,1,1
2260995,31/7/19 6:17,31/7/19 7:22,24,4,2,3,1,0,1,1,1,0,1,0,0,0,0,1,1,1,1,1,1,0,0,1,0,0,1,1,1,0,0,0,0
2294913,21/7/19 22:08,31/7/19 7:40,37,5,2,5,1,1,1,1,1,1,0,1,1,1,1,1,1,1,1,1,1,1,0,1,1,1,1,1,1,1,1,0,0
2298366,31/7/19 9:00,31/7/19 9:08,18,5,2,5,1,1,1,1,1,1,0,0,0,0,0,0,0,0,0,0,0,0,0,0,0,0,0,0,0,0,0,0,0
2296711,31/7/19 9:04,31/7/19 9:27,28,3,2,4,1,0,1,1,1,1,0,0,1,0,0,1,1,1,1,1,1,0,0,1,0,1,1,1,0,1,0,1,1
2275385,28/7/19 17:14,31/7/19 9:28,5,5,-,-,-,-,-,-,-,-,-,-,-,-,-,-,-,-,-,-,-,-,-,-,-,-,-,-,-,-,-,-,-
2294126,28/7/19 19:21,31/7/19 9:40,26,3,1,5,1,1,1,1,1,-,1,1,1,1,1,-,-,-,1,1,1,1,1,-,-,-,1,1,-,0,0,0,0
2225279,31/7/19 9:25,31/7/19 10:15,31,4,2,5,1,1,1,1,1,1,1,1,1,0,0,1,1,1,1,1,1,1,0,1,0,1,0,0,1,0,1,0,0
2282498,31/7/19 9:28,31/7/19 10:15,40,5,2,5,1,1,1,1,1,1,1,1,1,1,1,1,1,1,1,1,1,1,1,1,1,1,1,1,0,1,1,1,1
2292919,31/7/19 10:04,31/7/19 10:37,27,5,2,4,1,1,1,1,1,0,0,1,1,1,1,1,0,0,1,1,1,1,1,-,-,-,1,0,-,-,-,-,-
2298680,31/7/19 10:54,31/7/19 11:14,38,5,2,5,1,1,1,1,1,1,1,1,1,1,1,1,1,1,1,1,1,1,1,1,1,1,1,1,0,1,1,0,0
2270568,31/7/19 10:42,31/7/19 11:34,33,5,2,5,1,1,1,1,1,0,1,1,1,1,1,1,1,0,1,1,1,1,0,1,1,1,0,0,0,1,1,0,0
2175834,31/7/19 11:12,31/7/19 11:44,32,5,2,5,1,1,1,1,1,1,1,1,1,0,1,1,1,1,1,1,1,1,0,1,1,0,0,0,0,0,1,0,0
2262268,31/7/19 10:46,31/7/19 11:50,40,5,2,5,1,1,1,1,1,1,1,1,1,1,1,1,1,1,1,1,1,1,0,1,1,1,1,1,1,1,1,1,1
2262268,31/7/19 11:55,31/7/19 12:01,40,5,2,5,1,1,1,1,1,1,1,1,1,1,1,1,1,1,1,1,1,1,0,1,1,1,1,1,1,1,1,1,1
2262268,31/7/19 12:01,31/7/19 12:06,41,5,2,5,1,1,1,1,1,1,1,1,1,1,1,1,1,1,1,1,1,1,1,1,1,1,1,1,1,1,1,1,1
2270059,27/7/19 20:44,31/7/19 12:21,32,3,2,5,1,1,1,1,1,1,1,0,0,1,1,1,1,1,1,1,1,1,0,1,0,1,0,0,0,1,1,1,1
2244402,30/7/19 9:05,31/7/19 12:25,31,5,2,5,0,1,1,1,1,0,0,1,1,1,1,1,1,1,1,1,1,1,1,1,1,1,-,-,-,-,-,-,-
2270059,31/7/19 12:23,31/7/19 12:29,36,5,2,5,1,1,1,1,1,1,1,0,0,0,1,1,1,1,1,1,1,1,0,1,1,1,1,0,1,1,1,1,1
2237318,31/7/19 11:55,31/7/19 12:32,37,5,2,5,1,1,1,1,1,0,1,1,1,1,1,1,1,1,1,1,1,1,1,1,1,1,1,1,0,0,0,1,1
2237318,31/7/19 12:33,31/7/19 12:37,40,5,2,5,1,1,1,1,1,0,1,1,1,1,1,1,1,1,1,1,1,1,1,1,1,1,1,1,1,1,1,1,1
2237318,31/7/19 12:37,31/7/19 12:40,41,5,2,5,1,1,1,1,1,1,1,1,1,1,1,1,1,1,1,1,1,1,1,1,1,1,1,1,1,1,1,1,1
2296796,21/7/19 0:43,31/7/19 12:51,35,5,1,5,1,1,1,1,1,1,1,1,1,0,0,1,1,1,1,1,0,1,1,1,1,1,0,0,1,1,1,1,1
2282176,31/7/19 11:38,31/7/19 12:57,40,5,2,5,1,1,1,1,1,1,1,1,1,0,1,1,1,1,1,1,1,1,1,1,1,1,1,1,1,1,1,1,1
2280469,31/7/19 12:25,31/7/19 13:00,33,5,1,5,1,1,1,1,1,1,0,1,0,0,0,1,1,1,1,1,1,1,0,1,1,1,0,0,1,1,1,1,1
2292920,31/7/19 12:51,31/7/19 13:16,31,2,2,4,1,1,1,1,1,1,1,1,1,1,1,0,1,1,1,1,1,1,1,0,1,1,1,1,0,0,1,0,0
2239078,30/7/19 15:11,31/7/19 13:43,21,4,2,4,1,1,1,1,1,0,0,-,-,-,-,1,1,1,-,-,-,1,-,-,-,-,1,1,-,-,0,0,0
2298310,27/7/19 19:40,31/7/19 13:47,40,5,2,5,1,1,1,1,1,1,1,1,1,1,1,1,1,1,1,1,1,0,1,1,1,1,1,1,1,1,1,1,1
2298310,31/7/19 13:48,31/7/19 13:49,0,-,-,-,-,-,-,-,-,-,-,-,-,-,-,-,-,-,-,-,-,-,-,-,-,-,-,-,-,-,-,-,-
2298310,31/7/19 13:49,31/7/19 13:51,18,5,2,5,1,1,1,1,-,1,1,-,-,-,-,-,-,-,-,-,-,-,-,-,-,-,-,-,-,-,-,-,-
2298310,31/7/19 13:51,31/7/19 13:55,21,5,2,4,1,1,1,1,1,0,1,1,-,-,-,-,-,1,-,-,-,-,-,-,-,-,-,-,-,-,-,1,1
2298310,31/7/19 13:55,31/7/19 13:56,14,5,2,4,1,1,-,-,-,-,1,-,-,-,-,-,-,-,-,-,-,-,-,-,-,-,-,-,-,-,-,-,-
2267316,31/7/19 12:38,31/7/19 14:04,34,4,2,5,1,1,1,1,1,1,1,1,1,1,1,1,1,0,1,1,1,1,1,1,1,1,0,0,1,0,1,0,0
2297152,31/7/19 14:19,31/7/19 14:42,37,5,2,5,1,1,1,1,0,1,1,1,1,1,1,1,1,1,1,1,1,1,0,1,1,1,1,1,0,0,1,1,1
2271890,31/7/19 2:13,31/7/19 15:00,28,5,2,5,0,1,1,1,1,1,1,1,1,1,1,1,1,0,0,0,1,1,0,0,0,0,1,0,1,0,0,0,0
2296658,28/7/19 0:10,31/7/19 15:10,32,5,1,3,1,1,1,1,1,1,1,1,1,1,1,1,1,1,1,1,1,0,0,1,0,1,0,0,1,1,0,1,1
2261267,31/7/19 12:13,31/7/19 15:29,33,5,2,5,1,1,1,1,1,1,1,1,1,1,1,1,0,1,1,1,1,1,1,1,0,1,1,0,0,0,0,0,0
2281865,31/7/19 14:35,31/7/19 15:29,33,5,2,5,1,1,1,1,1,1,1,1,1,1,1,1,0,1,1,1,1,1,1,1,0,1,1,0,0,0,0,0,0
2296055,31/7/19 14:39,31/7/19 15:42,28,2,1,4,1,1,1,1,1,1,1,1,1,1,0,1,1,1,1,1,1,0,1,-,-,-,-,-,-,1,1,1,1
2294727,22/7/19 18:50,31/7/19 15:51,31,5,2,5,1,1,1,1,1,1,0,0,0,1,1,1,1,1,1,0,0,1,0,1,0,1,1,0,0,0,1,1,1
2300078,31/7/19 14:08,31/7/19 15:51,35,4,2,4,1,1,1,1,1,0,1,1,1,1,1,1,1,1,1,1,1,1,1,1,1,1,1,1,0,0,0,1,1
2204862,22/7/19 7:07,31/7/19 16:07,36,5,2,5,0,1,1,1,1,1,1,1,1,1,1,1,1,1,1,0,0,1,1,1,1,1,1,1,0,1,0,1,1
2286978,29/7/19 14:32,31/7/19 16:29,20,3,2,5,1,1,1,1,1,1,1,0,0,0,-,1,1,0,0,0,-,1,-,-,-,-,-,-,-,0,-,0,0
2282163,31/7/19 0:26,31/7/19 16:35,26,4,2,2,0,1,1,1,1,0,1,0,0,0,0,1,1,0,1,1,1,1,1,1,0,1,1,0,0,0,1,1,1
2231213,31/7/19 13:27,31/7/19 16:57,25,4,2,3,1,1,1,1,1,1,0,1,0,0,0,1,1,1,0,0,0,0,0,0,0,1,1,1,0,1,0,1,1
2296344,31/7/19 16:46,31/7/19 17:19,39,5,2,5,1,1,1,1,1,1,0,1,1,1,1,1,1,1,1,1,1,1,0,1,1,1,1,1,1,1,1,1,1
2294950,31/7/19 17:05,31/7/19 17:33,22,2,0,5,1,1,1,1,1,1,0,0,0,1,0,1,1,1,1,1,1,0,1,0,0,-,0,0,0,1,0,0,0
2271137,31/7/19 17:13,31/7/19 17:33,28,4,2,5,1,1,1,1,1,0,1,1,1,1,1,1,0,1,1,1,1,1,1,0,-,-,-,-,-,-,-,-,-
2276215,31/7/19 10:43,31/7/19 17:41,30,5,2,3,1,1,1,1,1,0,1,1,1,1,1,1,1,1,1,1,1,-,0,1,-,-,1,0,0,1,1,0,0
2276215,31/7/19 17:43,31/7/19 17:48,40,5,2,5,1,1,1,1,1,1,1,1,1,1,1,1,1,1,1,1,1,1,1,1,1,1,1,0,1,1,1,1,1
2276215,31/7/19 17:49,31/7/19 17:52,40,5,2,5,1,1,1,1,1,0,1,1,1,1,1,1,1,1,1,1,1,1,1,1,1,1,1,1,1,1,1,1,1
2297899,31/7/19 15:03,31/7/19 17:56,29,4,2,5,1,1,1,1,1,1,0,1,1,1,1,1,1,1,1,1,1,0,0,1,1,-,-,0,-,-,-,0,0
2296014,31/7/19 17:14,31/7/19 17:56,40,5,2,5,1,1,1,1,1,1,1,1,1,1,1,1,1,1,1,1,1,1,1,1,1,1,1,1,1,0,1,1,1
2276215,31/7/19 17:53,31/7/19 17:56,41,5,2,5,1,1,1,1,1,1,1,1,1,1,1,1,1,1,1,1,1,1,1,1,1,1,1,1,1,1,1,1,1
2297348,31/7/19 18:09,31/7/19 18:38,26,5,2,4,1,1,1,1,1,0,1,0,0,0,1,1,1,1,1,0,0,0,0,1,0,1,1,0,0,0,1,0,0
2283045,31/7/19 18:33,31/7/19 19:15,33,5,2,3,1,1,1,1,1,1,1,1,1,1,1,0,1,1,1,1,1,1,1,1,1,0,0,0,1,1,1,0,0
2276759,31/7/19 18:14,31/7/19 19:19,27,4,2,5,1,1,1,1,0,0,0,1,0,0,0,1,0,1,1,0,1,1,1,1,1,1,1,1,-,0,0,0,0
2292785,30/7/19 20:30,31/7/19 21:43,40,5,2,5,1,1,1,1,1,1,1,1,0,1,1,1,1,1,1,1,1,1,1,1,1,1,1,1,1,1,1,1,1
2292785,31/7/19 21:44,31/7/19 21:47,41,5,2,5,1,1,1,1,1,1,1,1,1,1,1,1,1,1,1,1,1,1,1,1,1,1,1,1,1,1,1,1,1
2271180,31/7/19 21:02,31/7/19 21:51,25,4,2,3,1,1,-,0,1,1,1,1,1,0,1,1,1,1,1,-,1,-,-,-,-,-,1,1,-,0,1,0,0
2299437,31/7/19 22:58,31/7/19 23:01,41,5,2,5,1,1,1,1,1,1,1,1,1,1,1,1,1,1,1,1,1,1,1,1,1,1,1,1,1,1,1,1,1
2296418,31/7/19 22:40,31/7/19 23:10,19,2,1,5,1,1,1,1,1,1,0,0,0,0,0,1,0,1,0,0,0,0,0,0,0,0,1,0,0,0,0,1,1
2297369,30/7/19 22:10,31/7/19 23:17,38,5,2,4,1,1,1,1,1,1,1,1,1,1,1,1,1,1,1,1,1,1,1,1,1,1,0,1,0,1,1,1,1
2270433,31/7/19 23:40,1/8/19 0:14,37,5,2,5,1,1,0,0,1,0,1,1,1,1,1,1,1,1,1,1,1,1,1,1,1,1,1,0,1,1,1,1,1
2294231,30/7/19 22:45,1/8/19 1:31,26,4,2,3,1,1,1,1,1,0,1,1,0,0,1,1,1,0,1,1,1,0,1,0,0,0,0,0,-,1,0,1,1
2260866,1/8/19 2:50,1/8/19 4:02,19,4,2,3,1,0,1,1,0,0,0,0,0,0,0,0,1,1,0,0,0,0,0,0,1,-,1,1,1,1,0,0,0
2260866,1/8/19 4:25,1/8/19 4:52,36,4,2,4,1,1,1,1,1,1,1,1,1,1,-,1,1,1,1,1,-,1,-,1,1,1,1,1,1,1,1,1,1
2294153,1/8/19 10:02,1/8/19 10:18,30,5,2,5,1,1,1,1,1,1,1,1,1,1,0,1,1,1,1,0,0,1,0,1,0,0,0,0,1,1,0,0,0
2124406,1/8/19 10:49,1/8/19 10:50,2,1,0,-,1,-,-,-,-,-,-,-,-,-,-,-,-,-,-,-,-,-,-,-,-,-,-,-,-,-,-,-,-
2277400,1/8/19 10:40,1/8/19 11:04,38,5,2,5,1,1,1,1,1,1,1,1,1,0,1,1,1,1,1,1,1,1,1,1,0,0,1,1,1,1,1,1,1
2297911,1/8/19 10:00,1/8/19 11:05,31,4,2,5,1,1,1,1,1,0,1,1,1,1,1,1,1,1,1,1,1,1,1,1,1,0,0,0,0,0,0,0,0
2296418,1/8/19 11:15,1/8/19 11:35,24,4,2,5,1,1,1,1,1,0,0,0,0,0,1,1,0,1,0,0,0,0,0,0,0,0,1,1,0,1,0,1,1
2260979,1/8/19 10:58,1/8/19 11:44,28,5,2,4,0,1,1,1,1,1,1,0,0,1,0,1,1,1,1,1,1,0,0,1,1,0,1,1,0,0,0,0,0
2296418,1/8/19 11:40,1/8/19 11:53,38,5,2,5,1,1,1,1,1,1,1,1,1,1,1,1,0,1,1,1,0,1,1,1,1,0,1,1,1,1,1,1,1
2278868,1/8/19 10:05,1/8/19 12:17,34,4,2,5,1,1,1,1,1,0,1,1,1,0,1,1,1,1,1,1,0,1,1,1,1,1,0,0,1,1,0,1,1
2278151,24/7/19 12:04,1/8/19 12:17,0,-,-,-,-,-,-,-,-,-,-,-,-,-,-,-,-,-,-,-,-,-,-,-,-,-,-,-,-,-,-,-,-
2287211,1/8/19 11:24,1/8/19 12:29,35,5,2,5,1,1,1,1,1,1,1,1,1,1,0,1,1,1,1,1,0,1,1,1,0,1,0,0,1,0,1,1,1
2297236,1/8/19 11:59,1/8/19 12:32,36,5,2,5,1,1,1,1,1,1,0,1,0,1,1,1,1,1,1,1,0,1,1,1,1,1,1,0,0,1,1,1,1
2277400,1/8/19 12:24,1/8/19 12:35,38,5,2,5,1,1,1,1,1,1,1,1,1,1,1,1,1,1,1,1,1,1,1,1,0,1,1,1,1,1,1,0,0
2254388,30/7/19 11:05,1/8/19 12:40,26,5,2,5,0,1,1,1,1,0,0,0,0,0,0,1,1,0,1,1,0,0,0,1,0,1,0,0,0,1,1,1,1
2277400,1/8/19 12:36,1/8/19 12:40,41,5,2,5,1,1,1,1,1,1,1,1,1,1,1,1,1,1,1,1,1,1,1,1,1,1,1,1,1,1,1,1,1
2279659,29/7/19 0:30,1/8/19 12:43,28,2,2,2,1,1,1,1,1,1,1,1,1,1,1,1,1,1,1,1,1,1,1,1,0,1,0,0,0,1,0,0,0
2289955,1/8/19 10:15,1/8/19 12:53,39,5,2,5,1,1,1,1,1,1,1,1,1,1,1,1,1,1,1,1,1,1,0,1,1,1,1,0,1,1,1,1,1
2278151,1/8/19 12:37,1/8/19 13:25,35,5,2,5,1,1,1,1,1,1,1,1,0,1,1,1,1,1,1,1,0,1,1,1,0,1,1,0,0,1,0,1,1
2288998,1/8/19 11:07,1/8/19 13:46,27,5,2,5,1,1,1,1,1,0,0,0,0,1,0,1,1,1,1,1,0,0,0,1,0,1,1,0,0,0,1,0,0
2283052,1/8/19 12:51,1/8/19 13:47,25,3,2,3,1,1,1,1,1,0,0,1,1,1,1,1,1,1,1,1,1,1,1,-,-,-,-,-,-,0,0,0,0
2283030,1/8/19 13:21,1/8/19 13:48,31,3,2,4,1,1,1,1,1,0,0,1,1,1,1,1,1,1,1,1,1,1,1,-,1,-,-,-,-,1,1,1,1
2219423,1/8/19 13:20,1/8/19 14:13,17,4,1,5,1,1,1,0,1,0,0,0,0,0,0,1,0,1,0,0,0,1,0,0,0,0,0,0,0,0,0,0,0
2294519,1/8/19 14:10,1/8/19 14:50,38,5,2,4,1,1,1,1,1,1,1,1,1,1,1,1,1,1,1,1,1,1,1,1,1,1,1,1,0,1,0,1,1
2177099,29/7/19 13:31,1/8/19 14:59,38,5,2,5,1,1,1,1,1,0,1,1,1,1,1,1,1,1,1,1,1,1,0,1,1,1,1,0,1,1,1,1,1
2272738,1/8/19 14:33,1/8/19 15:00,29,4,2,5,1,1,1,1,1,0,1,1,0,1,1,1,1,0,0,1,1,1,0,1,1,0,0,0,1,1,0,0,0
2270124,1/8/19 3:46,1/8/19 15:27,21,5,2,4,1,1,1,1,1,0,0,0,0,0,0,1,1,0,1,0,0,0,0,-,0,0,1,0,0,0,1,0,0
2247205,1/8/19 15:15,1/8/19 15:40,18,5,1,4,1,0,1,1,1,0,1,0,0,1,0,1,0,0,0,0,0,-,-,-,-,-,-,-,-,1,-,0,0
2300088,1/8/19 15:11,1/8/19 15:48,38,5,2,5,1,1,1,1,1,1,1,1,1,1,1,1,1,1,1,1,1,1,1,1,0,1,0,0,1,1,1,1,1
2261225,1/8/19 14:25,1/8/19 16:04,32,5,2,4,1,1,0,0,1,0,1,1,1,1,1,1,1,1,1,1,1,0,0,1,1,1,1,0,0,1,0,1,1
2274494,28/7/19 23:41,1/8/19 16:31,14,2,2,4,1,1,1,1,1,0,0,0,0,0,0,0,0,1,0,0,0,0,0,0,0,0,0,0,0,0,0,0,0
2266040,25/7/19 11:12,1/8/19 16:34,34,5,2,5,1,1,1,1,1,1,1,0,1,1,0,1,1,1,1,1,1,1,0,1,1,1,0,0,0,0,1,1,1
2282811,1/8/19 15:23,1/8/19 16:34,36,5,2,5,1,1,1,1,1,1,1,1,1,1,1,1,1,1,1,1,1,1,1,1,1,1,1,1,-,0,0,0,0
2261312,1/8/19 15:18,1/8/19 16:53,28,3,2,4,1,1,1,1,1,0,1,1,1,1,1,1,1,1,1,1,1,0,1,1,0,0,1,0,-,-,-,0,0
2282260,1/8/19 16:29,1/8/19 16:58,31,5,2,4,1,1,1,1,1,0,1,0,1,1,0,1,1,1,1,0,0,1,0,1,1,1,1,0,0,1,0,1,1
2276461,1/8/19 16:05,1/8/19 17:33,29,5,2,5,1,1,1,1,1,0,1,0,0,0,0,1,1,1,1,1,1,1,0,1,0,1,1,0,1,0,0,0,0
2271058,1/8/19 17:27,1/8/19 17:41,25,3,2,4,1,1,1,1,1,0,1,0,0,0,0,1,1,1,1,0,0,1,1,1,0,1,0,0,1,0,1,0,0
2267776,24/7/19 13:01,1/8/19 17:45,31,4,2,3,1,1,1,1,1,0,0,1,1,1,1,1,1,1,1,1,1,1,1,1,1,1,1,1,-,0,0,0,0
2300054,31/7/19 17:03,1/8/19 17:52,26,4,2,4,1,1,1,1,1,1,0,0,0,0,0,1,1,0,1,0,1,0,0,0,0,0,1,1,-,1,1,1,1
2277705,1/8/19 12:11,1/8/19 18:01,6,5,-,-,-,-,-,-,-,-,-,-,-,-,-,-,-,-,-,-,-,1,0,-,-,-,-,-,-,-,-,-,-
2297236,1/8/19 17:48,1/8/19 18:06,31,5,2,5,1,1,1,1,1,0,0,1,0,1,1,1,1,1,1,1,1,0,0,1,0,1,1,0,1,1,0,0,0
2262079,1/8/19 18:27,1/8/19 19:41,27,5,2,4,1,1,1,1,1,0,1,0,1,1,0,1,1,1,1,0,1,0,0,1,0,0,1,1,0,0,0,0,0
2262079,1/8/19 19:50,1/8/19 19:53,38,5,2,5,1,1,1,0,1,1,1,1,1,1,1,1,1,1,1,1,1,1,0,1,1,1,1,1,0,1,1,1,1
2281102,24/7/19 12:58,1/8/19 20:26,40,5,2,5,1,1,1,1,1,1,1,0,1,1,1,1,1,1,1,1,1,1,1,1,1,1,1,1,1,1,1,1,1
2281102,1/8/19 20:27,1/8/19 20:29,41,5,2,5,1,1,1,1,1,1,1,1,1,1,1,1,1,1,1,1,1,1,1,1,1,1,1,1,1,1,1,1,1
2276018,1/8/19 19:27,1/8/19 20:40,35,5,2,5,1,1,1,1,1,0,1,1,1,0,0,1,1,1,1,1,1,1,1,1,1,1,1,1,1,1,0,0,0
2270809,1/8/19 19:19,1/8/19 20:54,27,5,2,5,1,1,1,1,1,0,0,0,0,1,1,1,1,0,1,1,1,1,1,0,0,0,1,0,0,0,0,0,0
2295125,27/7/19 14:40,1/8/19 21:07,39,5,2,5,1,1,1,1,1,1,1,1,1,1,1,1,1,1,1,1,1,1,1,1,1,1,1,1,1,1,1,0,0
2282166,28/7/19 21:41,1/8/19 21:15,31,5,2,3,1,1,1,1,1,0,0,0,0,1,1,1,1,1,1,1,1,1,0,1,1,0,1,1,0,0,1,1,1
2270339,31/7/19 12:18,1/8/19 21:50,22,5,2,5,1,1,1,1,1,0,1,0,0,0,0,1,0,1,0,0,0,0,0,0,0,0,0,0,0,0,0,1,1
2268352,28/7/19 10:09,1/8/19 22:11,13,2,1,4,1,0,1,0,1,0,0,0,0,0,0,1,0,1,0,0,0,0,0,0,0,0,0,0,0,0,1,0,0
2284648,31/7/19 17:17,1/8/19 22:37,14,3,2,4,0,0,1,1,1,0,0,0,0,0,0,0,1,0,0,0,0,0,0,0,1,0,0,0,0,0,0,0,0
2301602,1/8/19 21:40,1/8/19 22:52,36,3,2,5,1,1,1,1,1,1,1,1,1,1,1,1,1,1,1,1,1,1,1,1,1,1,1,1,1,1,0,0,0
2231621,1/8/19 21:09,1/8/19 23:05,36,3,2,5,1,1,1,1,1,1,1,1,1,1,1,0,1,1,1,1,1,1,1,1,0,1,1,1,1,0,1,1,1
2286989,24/7/19 18:07,2/8/19 0:20,32,5,2,4,1,1,1,1,1,1,1,1,1,0,1,1,1,1,1,1,1,0,0,1,0,1,0,0,0,0,1,1,1
2284315,31/7/19 10:02,2/8/19 0:22,27,4,2,5,1,1,1,1,1,0,1,1,0,0,0,1,1,1,1,1,1,0,0,1,1,1,0,0,0,0,0,0,0
2273836,2/8/19 2:15,2/8/19 2:58,38,5,2,5,1,1,1,1,1,1,1,1,1,1,1,1,1,1,1,1,1,1,0,1,0,1,1,0,1,1,1,1,1
2284648,2/8/19 6:46,2/8/19 6:55,37,5,2,3,1,1,1,1,1,1,1,1,1,0,1,1,1,1,1,1,1,1,1,1,1,1,1,1,0,1,1,1,1
2282355,22/7/19 3:34,2/8/19 7:36,37,4,2,5,1,1,1,1,1,1,1,1,1,1,1,1,1,1,1,1,1,1,1,1,1,1,1,1,0,0,0,1,1
2294910,2/8/19 7:31,2/8/19 7:55,31,5,2,5,1,1,1,1,1,0,1,1,0,0,0,1,1,1,1,1,0,1,0,1,1,1,0,0,1,1,1,0,0
2296979,2/8/19 6:35,2/8/19 8:02,32,3,2,5,1,0,1,1,1,1,1,1,0,0,0,1,1,1,1,1,1,1,0,1,1,1,0,0,1,1,1,1,1
2281257,31/7/19 13:08,2/8/19 8:32,24,4,1,5,1,1,1,1,0,1,0,1,0,0,1,1,1,0,1,1,1,0,0,1,0,0,1,0,0,0,0,0,0
2298349,2/8/19 7:51,2/8/19 8:57,19,3,2,5,1,0,1,1,1,1,0,0,0,1,1,1,1,0,0,0,0,0,0,0,0,0,-,-,-,-,-,0,0
2296653,2/8/19 8:59,2/8/19 9:01,5,3,2,-,-,-,-,-,-,-,-,-,-,-,-,-,-,-,-,-,-,-,-,-,-,-,-,-,-,-,-,-,-
2266893,1/8/19 8:56,2/8/19 9:01,28,4,2,3,0,1,1,1,1,0,1,0,0,0,0,1,1,1,1,1,1,0,0,1,1,1,1,0,1,1,0,1,1
2215512,2/8/19 8:15,2/8/19 9:15,31,5,2,5,1,1,1,1,1,1,0,1,1,1,1,1,1,1,1,1,1,-,1,0,0,-,1,0,0,0,1,0,0
2215512,2/8/19 9:25,2/8/19 9:40,38,5,2,5,1,1,1,1,1,1,1,1,1,1,1,1,1,1,1,1,1,-,1,1,1,-,1,1,0,1,1,1,1
2262821,2/8/19 9:19,2/8/19 10:07,31,4,2,5,1,0,1,1,1,1,0,1,0,1,1,1,1,1,1,1,0,1,0,1,1,1,0,0,1,0,0,1,1
2276581,2/8/19 9:28,2/8/19 10:10,22,4,2,5,1,1,1,1,1,0,0,0,0,0,0,1,1,1,0,0,0,1,0,0,-,1,0,0,1,0,0,0,0
2262720,2/8/19 10:28,2/8/19 10:48,18,4,2,2,1,1,1,0,1,0,1,1,0,0,0,0,1,0,1,0,0,0,0,1,1,0,0,0,0,0,0,0,0
2266450,2/8/19 9:00,2/8/19 13:10,18,5,0,4,1,0,1,1,0,1,0,0,1,0,0,1,1,0,1,0,1,0,0,-,-,-,0,-,-,0,0,0,0
2297758,2/8/19 12:02,2/8/19 13:12,38,5,2,5,1,1,1,1,1,1,1,1,1,1,1,1,1,1,1,1,1,1,1,1,1,1,1,1,1,0,1,0,0
2262860,2/8/19 13:40,2/8/19 14:28,22,5,0,4,1,1,1,1,1,0,1,1,0,1,0,0,1,1,0,1,0,1,1,0,0,0,0,0,0,0,0,0,0
2261249,2/8/19 15:03,2/8/19 15:29,29,4,2,5,1,1,1,1,1,0,0,1,1,0,0,1,1,1,1,1,0,0,0,1,1,1,0,0,0,1,0,1,1
2287153,22/7/19 13:14,2/8/19 16:05,21,4,2,4,1,1,1,1,0,0,1,0,0,1,0,1,1,-,0,1,0,1,1,-,-,-,-,-,-,-,-,-,-
2124406,2/8/19 16:04,2/8/19 16:06,8,2,2,4,-,-,-,-,-,-,-,-,-,-,-,-,-,-,-,-,-,-,-,-,-,-,-,-,-,-,-,-,-
2280964,31/7/19 17:03,2/8/19 16:22,30,5,2,4,1,1,1,1,1,1,0,1,1,1,0,1,1,1,1,1,1,1,0,1,1,0,1,0,-,0,0,0,0
2284647,2/8/19 9:31,2/8/19 16:30,40,5,2,5,1,1,1,1,1,1,1,1,1,1,1,1,1,1,1,1,1,1,1,1,1,1,1,1,0,1,1,1,1
2288998,2/8/19 16:16,2/8/19 16:42,39,5,2,5,1,1,1,1,1,1,1,1,1,1,1,1,1,1,1,1,1,1,1,1,1,1,1,1,1,0,0,1,1
2298310,2/8/19 16:49,2/8/19 16:51,9,4,-,5,-,-,-,-,-,-,-,-,-,-,-,-,-,-,-,-,-,-,-,-,-,-,-,-,-,-,-,-,-
2298310,2/8/19 16:51,2/8/19 16:52,11,5,1,5,-,-,-,-,-,-,-,-,-,-,-,-,-,-,-,-,-,-,-,-,-,-,-,-,-,-,-,-,-
2270319,30/7/19 20:51,2/8/19 17:17,32,4,2,5,1,1,1,1,1,1,0,1,1,1,1,1,1,1,1,1,0,1,0,1,1,-,0,0,-,0,1,1,1
2284315,2/8/19 17:20,2/8/19 17:28,39,5,2,5,1,1,1,1,1,1,1,1,1,1,1,1,1,1,1,1,1,1,1,1,1,1,1,1,0,1,0,1,1
2282833,30/7/19 18:32,2/8/19 17:48,18,4,2,3,1,1,1,1,0,0,0,0,0,0,0,1,1,0,0,0,0,0,0,0,0,0,1,1,0,0,1,0,0
2224021,2/8/19 15:59,2/8/19 17:56,33,5,2,5,1,1,1,1,1,0,1,1,1,1,1,1,1,1,1,1,1,0,0,1,0,1,-,0,0,0,1,1,1
1529770,2/8/19 17:16,2/8/19 18:01,38,5,2,5,1,1,1,1,1,1,0,1,1,1,1,1,1,1,1,1,1,1,1,1,1,1,1,0,1,1,0,1,1
2271317,2/8/19 18:08,2/8/19 18:13,41,5,2,5,1,1,1,1,1,1,1,1,1,1,1,1,1,1,1,1,1,1,1,1,1,1,1,1,1,1,1,1,1
2275405,2/8/19 18:09,2/8/19 18:36,41,5,2,5,1,1,1,1,1,1,1,1,1,1,1,1,1,1,1,1,1,1,1,1,1,1,1,1,1,1,1,1,1
2223920,2/8/19 20:51,2/8/19 21:40,35,5,2,4,1,1,1,0,1,1,1,1,0,1,0,1,1,1,1,1,1,1,1,1,0,1,1,1,1,1,-,1,1
2277976,2/8/19 20:33,2/8/19 21:47,33,4,2,5,1,0,1,1,1,1,1,1,1,1,1,1,1,1,1,1,1,1,1,1,1,1,0,0,1,0,0,0,0
2212901,2/8/19 8:51,2/8/19 22:38,17,4,2,4,1,1,1,1,1,0,1,1,0,0,-,-,-,-,-,-,-,-,-,-,-,-,-,-,-,-,-,-,-
2297684,31/7/19 2:43,2/8/19 22:42,40,5,2,5,1,1,1,1,1,0,1,1,1,1,1,1,1,1,1,1,1,1,1,1,1,1,1,1,1,1,1,1,1
2207745,2/8/19 22:02,2/8/19 22:43,33,4,2,4,1,1,1,1,1,0,1,0,1,1,1,1,1,1,1,0,1,1,1,1,1,1,-,-,-,1,1,1,1
2243890,2/8/19 22:42,2/8/19 23:20,32,4,2,5,1,1,1,1,1,1,1,1,1,1,1,1,1,1,1,1,1,1,1,-,-,-,-,-,-,-,-,1,1
2288470,31/7/19 9:03,2/8/19 23:51,36,3,2,5,1,1,1,1,1,1,1,0,1,1,1,1,1,1,1,1,1,1,0,1,1,1,1,1,0,1,1,1,1
2267230,30/7/19 18:04,3/8/19 1:05,35,4,2,5,1,1,1,1,1,1,1,1,0,1,1,1,1,1,1,1,1,0,1,1,0,1,0,0,1,1,1,1,1
2273314,3/8/19 0:35,3/8/19 5:53,33,5,2,4,1,1,1,1,1,0,1,1,1,1,1,1,1,1,1,1,1,1,1,-,-,-,1,1,1,0,1,-,-
2273314,3/8/19 5:55,3/8/19 5:56,0,-,-,-,-,-,-,-,-,-,-,-,-,-,-,-,-,-,-,-,-,-,-,-,-,-,-,-,-,-,-,-,-
2265979,3/8/19 7:54,3/8/19 11:38,21,2,2,4,1,0,1,1,1,0,1,0,0,1,0,1,1,1,1,1,0,0,0,1,0,1,0,0,0,0,0,0,0
2281099,30/7/19 17:29,3/8/19 12:14,24,3,2,3,1,1,1,0,1,0,1,1,1,1,1,1,1,1,1,1,0,0,0,0,-,0,-,-,-,1,1,0,0
2279451,3/8/19 11:44,3/8/19 12:45,30,5,2,4,1,1,1,1,1,1,1,1,0,0,1,1,1,0,0,0,0,0,1,0,0,1,1,1,0,1,1,1,1
2293122,3/8/19 13:03,3/8/19 14:21,40,5,2,5,1,1,1,1,1,1,1,1,1,1,1,1,1,1,1,1,1,1,1,1,0,1,1,1,1,1,1,1,1
2277784,3/8/19 15:12,3/8/19 15:40,36,5,2,5,1,1,1,1,1,1,1,1,1,1,1,1,1,1,0,1,1,1,1,1,1,0,0,0,1,1,0,1,1
2284247,3/8/19 13:32,3/8/19 15:59,27,3,2,5,1,1,1,1,1,0,1,1,1,1,0,1,1,1,1,1,-,1,1,-,-,-,-,-,-,0,1,0,0
2215059,3/8/19 15:12,3/8/19 16:11,36,5,2,4,1,1,1,1,1,1,1,1,1,1,1,1,1,1,1,1,1,1,0,1,1,1,0,0,1,0,1,1,1
2215059,3/8/19 16:14,3/8/19 16:26,40,5,2,5,1,1,1,1,1,1,1,1,1,1,1,1,1,1,1,1,1,1,1,1,1,1,0,1,1,1,1,1,1
2294185,3/8/19 17:55,3/8/19 19:21,29,5,2,5,1,1,1,1,1,0,0,0,0,0,0,1,1,1,1,1,1,0,0,0,1,1,0,0,1,1,0,1,1
2230450,3/8/19 17:47,3/8/19 19:41,10,2,2,3,0,0,1,1,1,0,0,-,-,-,-,-,-,-,-,-,-,-,-,-,-,-,-,-,-,-,-,-,-
2298361,3/8/19 22:46,3/8/19 23:58,35,5,2,4,1,1,1,1,1,0,1,1,1,1,1,1,1,0,1,1,1,1,1,0,0,1,1,1,0,1,1,1,1
2280980,30/7/19 13:46,4/8/19 1:54,22,3,1,4,1,1,1,1,1,0,0,1,0,0,0,1,1,1,0,0,0,1,1,0,1,1,1,0,0,0,0,0,0
2283500,1/8/19 15:17,4/8/19 12:12,34,5,2,5,1,1,1,1,1,0,1,0,0,0,0,1,1,1,1,1,1,1,1,1,0,1,1,1,0,1,1,1,1
2283500,4/8/19 12:13,4/8/19 12:20,40,5,2,5,1,1,1,1,1,1,1,1,1,1,1,1,1,1,1,1,1,1,1,1,1,1,1,1,0,1,1,1,1
2283500,4/8/19 12:21,4/8/19 12:26,40,4,2,5,1,1,1,1,1,1,1,1,1,1,1,1,1,1,1,1,1,1,1,1,1,1,1,1,1,1,1,1,1
2283500,4/8/19 12:27,4/8/19 12:31,41,5,2,5,1,1,1,1,1,1,1,1,1,1,1,1,1,1,1,1,1,1,1,1,1,1,1,1,1,1,1,1,1
2230450,4/8/19 12:08,4/8/19 14:00,18,1,2,5,1,1,1,1,1,1,1,0,0,1,0,1,0,1,-,-,-,-,-,-,-,-,-,-,-,-,-,-,-
2297398,4/8/19 14:29,4/8/19 15:01,38,5,2,5,1,1,1,1,1,1,1,1,1,1,1,1,1,1,1,1,1,1,1,1,1,1,1,1,0,0,0,1,1
2270764,29/7/19 13:04,4/8/19 18:50,31,5,2,3,1,1,1,1,1,1,1,0,1,1,1,1,1,1,1,1,1,1,0,1,1,1,0,0,0,0,1,0,0
2300112,4/8/19 18:41,4/8/19 19:20,30,5,2,4,1,1,1,1,1,0,1,0,1,1,0,1,1,1,1,1,1,1,0,1,1,0,1,0,0,0,1,0,0
2296794,4/8/19 19:44,4/8/19 22:12,36,5,2,4,1,1,1,1,1,1,0,1,1,1,1,1,1,1,1,1,1,1,1,1,1,1,0,0,1,1,0,1,1
2231789,2/8/19 22:27,4/8/19 22:55,30,5,2,5,1,1,1,1,1,0,1,1,1,1,1,1,1,-,1,1,1,1,1,-,-,-,1,0,-,-,-,-,-
2277223,28/7/19 0:32,4/8/19 23:45,11,3,2,4,1,0,-,0,0,0,1,-,-,-,-,-,-,-,-,-,-,-,-,-,-,-,-,-,-,-,-,0,0
2245968,4/8/19 15:04,5/8/19 11:25,27,3,2,4,0,1,1,1,1,1,1,0,0,1,0,1,1,1,1,0,0,0,0,1,0,0,1,1,1,1,0,1,1
2245968,5/8/19 11:33,5/8/19 12:01,32,4,2,5,1,1,1,1,1,0,1,0,0,1,0,1,1,1,1,1,0,-,0,0,1,1,1,1,1,1,1,1,1
2224462,5/8/19 11:34,5/8/19 12:16,34,5,2,5,1,1,1,1,1,1,1,0,1,0,1,1,1,1,1,1,0,1,0,1,1,1,0,0,1,1,0,1,1
2245968,5/8/19 12:04,5/8/19 12:19,39,5,2,5,1,1,1,1,1,1,1,1,1,1,1,1,1,1,1,1,0,0,1,1,1,1,1,1,1,1,1,1,1
2298499,5/8/19 11:53,5/8/19 12:43,31,2,2,4,1,1,1,1,1,0,1,1,1,1,1,1,1,0,1,1,1,1,1,1,1,1,1,1,1,0,0,0,0
2296862,5/8/19 12:33,5/8/19 12:56,41,5,2,5,1,1,1,1,1,1,1,1,1,1,1,1,1,1,1,1,1,1,1,1,1,1,1,1,1,1,1,1,1
2282489,1/8/19 16:28,5/8/19 14:54,19,3,1,4,1,1,1,1,1,0,1,-,-,-,-,-,1,1,1,1,0,0,-,-,-,-,1,0,-,0,-,0,0
2266414,1/8/19 18:23,5/8/19 16:08,35,5,1,4,1,1,1,1,1,0,1,1,1,1,1,1,1,0,1,1,1,1,0,1,1,0,1,1,1,1,1,1,1
2276947,5/8/19 15:23,5/8/19 16:12,34,5,2,5,1,1,1,1,1,0,1,1,1,0,0,1,1,1,1,1,1,1,0,1,0,1,1,1,0,1,0,1,1
2271662,2/8/19 9:04,5/8/19 18:11,32,2,2,4,1,1,1,1,1,0,1,1,1,1,1,1,1,1,1,1,1,1,1,1,0,1,1,1,0,0,0,1,1
2297259,5/8/19 21:22,5/8/19 21:27,41,5,2,5,1,1,1,1,1,1,1,1,1,1,1,1,1,1,1,1,1,1,1,1,1,1,1,1,1,1,1,1,1
2230450,5/8/19 21:47,5/8/19 22:14,33,5,2,5,1,1,1,1,1,1,1,1,1,1,1,1,1,1,1,1,0,1,1,1,1,1,-,-,-,-,-,-,-
2284498,6/8/19 9:30,6/8/19 10:30,34,4,2,5,1,1,1,1,1,1,1,1,1,1,1,1,1,1,1,1,0,0,1,0,1,1,0,1,0,0,1,1,1
2265951,6/8/19 9:48,6/8/19 10:39,34,5,0,4,1,1,1,1,1,1,1,1,1,1,1,1,0,0,1,1,1,1,1,1,1,1,1,1,1,0,0,1,1
2171061,29/7/19 15:22,6/8/19 15:29,40,5,2,5,1,1,1,1,1,1,1,1,1,1,1,1,1,1,1,1,1,1,1,1,1,1,1,1,0,1,1,1,1
2266658,6/8/19 15:33,6/8/19 16:32,37,5,2,5,1,1,1,1,1,1,1,1,1,1,1,1,1,1,1,1,1,1,1,1,1,1,1,1,1,0,0,0,0
2280692,6/8/19 15:42,6/8/19 17:57,34,2,2,4,1,1,1,1,1,1,1,1,1,1,1,1,1,1,1,1,1,1,1,1,0,-,1,1,-,1,1,1,1
2266450,6/8/19 19:44,6/8/19 21:06,34,5,2,5,1,1,1,1,1,1,1,1,1,1,1,1,1,0,1,1,1,1,1,0,0,0,1,1,0,0,0,1,1
2274494,7/8/19 0:00,7/8/19 0:50,37,4,2,5,1,1,1,1,1,1,1,1,1,1,1,1,1,1,1,1,1,1,1,1,1,0,1,0,0,1,1,1,1
2296416,3/8/19 14:29,7/8/19 2:33,38,5,2,4,1,1,1,1,1,1,1,1,1,1,1,1,1,1,1,1,1,0,0,1,1,1,1,1,1,1,1,1,1
2163514,31/7/19 21:06,7/8/19 15:02,34,5,2,5,1,1,1,1,1,1,0,1,1,1,1,1,1,1,1,1,1,0,0,1,1,1,1,1,1,-,-,-,-
2214196,7/8/19 14:52,7/8/19 15:38,30,4,2,4,1,1,1,1,1,1,1,0,0,1,1,1,1,1,1,1,1,1,0,1,-,-,1,1,0,1,-,0,0
2244407,1/8/19 20:53,7/8/19 21:42,29,4,2,4,1,1,1,1,1,0,1,0,1,1,0,1,1,0,1,1,1,0,0,0,1,1,1,1,1,0,1,0,0
2278220,8/8/19 7:59,8/8/19 8:34,40,5,2,5,1,1,1,1,1,1,1,1,1,1,0,1,1,1,1,1,1,1,1,1,1,1,1,1,1,1,1,1,1
2242047,31/7/19 11:15,8/8/19 12:09,31,5,2,5,1,1,1,1,1,0,0,1,0,1,0,1,1,1,1,1,1,1,1,1,1,1,0,0,1,0,0,0,0
2296523,8/8/19 15:37,8/8/19 15:59,31,5,2,4,1,1,1,1,1,0,1,1,0,0,0,1,1,1,0,0,0,0,0,1,1,1,1,1,1,1,1,1,1
2219423,8/8/19 17:36,8/8/19 18:16,33,5,1,5,1,1,1,1,1,0,1,1,1,1,1,1,1,1,1,1,1,1,1,0,0,0,1,1,0,1,1,0,0
2268352,8/8/19 18:29,8/8/19 18:40,38,5,2,5,-,1,1,1,1,1,1,1,1,1,1,1,1,1,1,1,1,1,1,1,1,1,0,1,0,1,1,1,1
2259423,8/8/19 19:42,8/8/19 20:00,40,5,2,5,1,1,1,1,1,1,1,1,1,1,1,1,1,1,1,1,1,1,1,1,1,1,1,1,0,1,1,1,1
2230044,8/8/19 20:01,8/8/19 20:27,30,5,2,5,1,1,1,1,1,1,1,1,1,0,1,1,1,1,0,0,0,0,0,0,1,0,0,0,0,1,1,1,1
2230419,8/8/19 20:28,8/8/19 21:07,31,4,2,4,1,0,1,1,1,1,1,1,0,0,1,1,0,0,1,1,1,1,1,1,1,1,1,1,-,0,0,1,1
2282824,31/7/19 9:09,8/8/19 21:39,25,5,2,5,1,1,1,1,1,1,0,0,0,1,0,1,1,1,1,1,0,0,0,-,-,-,-,-,-,0,1,-,-
2124406,8/8/19 21:33,8/8/19 21:40,17,3,2,4,1,1,0,1,1,0,1,-,-,-,0,1,1,0,-,-,-,1,-,-,-,-,-,-,-,-,-,-,-
2247205,8/8/19 21:34,8/8/19 22:14,39,5,2,5,1,1,1,1,1,1,1,1,0,1,1,1,1,1,1,1,1,1,1,1,1,1,1,1,0,1,1,1,1
2282833,6/8/19 17:41,8/8/19 22:20,33,4,2,5,1,1,1,1,1,0,1,1,0,1,1,1,1,1,1,1,1,1,0,1,1,1,0,1,0,1,1,0,0
2214178,1/8/19 6:38,9/8/19 10:55,20,5,2,4,0,1,1,1,1,0,1,1,1,1,1,-,-,-,-,-,-,-,-,-,-,-,-,-,-,-,-,-,-
2214178,9/8/19 10:58,9/8/19 11:07,38,5,2,5,1,1,1,1,1,1,1,1,1,1,1,1,1,1,1,1,1,1,1,1,1,1,1,-,-,1,0,1,1
2244795,9/8/19 11:22,9/8/19 11:29,40,5,2,5,1,1,1,1,1,1,1,1,1,1,1,1,1,1,1,1,1,1,1,1,1,1,1,1,0,1,1,1,1
2270826,9/8/19 11:39,9/8/19 11:49,28,5,2,5,1,1,1,1,1,1,0,1,1,1,1,0,1,1,0,1,0,1,0,0,1,0,1,0,0,0,0,0,0
2257845,9/8/19 11:48,9/8/19 12:41,30,2,1,5,1,1,1,1,1,1,0,0,0,0,0,1,1,1,1,1,1,1,0,1,1,1,1,1,0,1,1,1,1
2296653,9/8/19 13:29,9/8/19 13:50,35,5,2,5,1,1,1,1,0,1,1,1,1,1,0,1,1,1,1,1,1,1,0,1,1,0,0,1,0,1,1,1,1
2124406,9/8/19 14:42,9/8/19 15:20,30,5,2,4,1,1,1,1,1,1,1,1,0,0,0,1,1,0,1,1,1,1,0,1,0,1,0,0,0,1,0,1,1
2282024,9/8/19 15:37,9/8/19 16:23,30,5,2,4,1,1,1,1,1,0,0,1,0,1,1,1,1,0,1,1,1,1,1,1,0,1,1,0,1,0,0,0,0
2295956,28/7/19 21:33,9/8/19 17:51,34,2,1,4,1,1,1,1,1,1,1,1,1,1,1,1,1,1,1,1,1,1,1,1,1,1,1,1,0,1,0,1,1
2208880,31/7/19 17:30,9/8/19 18:19,11,1,2,3,1,0,1,1,1,0,-,0,0,1,-,-,-,-,-,-,-,-,-,-,-,-,-,-,-,-,-,-,-
2282489,9/8/19 18:57,9/8/19 19:17,28,2,2,4,1,1,1,1,1,1,1,1,1,1,1,1,-,1,1,1,0,0,1,-,-,-,1,0,-,1,-,1,1
2264382,9/8/19 15:08,9/8/19 19:53,29,2,2,5,1,1,1,1,1,1,1,1,1,1,1,0,1,0,1,1,1,1,1,1,1,1,0,0,0,0,0,0,0
2298349,8/8/19 18:10,9/8/19 20:53,34,5,2,5,1,1,1,1,1,1,1,1,1,1,1,1,1,1,1,1,1,0,0,1,1,1,-,-,-,0,0,1,1
2282543,21/7/19 0:06,9/8/19 20:56,30,4,2,5,0,1,1,0,1,0,0,1,1,1,1,1,1,1,1,1,1,1,1,1,1,0,1,1,-,0,0,0,0
2280378,8/8/19 15:40,9/8/19 21:29,40,5,2,5,1,1,1,1,1,1,1,1,1,1,1,1,1,1,1,1,1,1,1,1,1,1,1,1,1,1,0,1,1
2260011,8/8/19 8:03,10/8/19 6:08,27,4,2,2,1,0,1,1,0,0,1,1,1,1,1,1,1,1,1,1,1,1,1,1,-,-,-,-,-,0,0,1,1
2296879,10/8/19 18:41,10/8/19 18:55,34,4,2,5,1,1,1,1,1,1,0,1,1,1,1,1,1,0,0,1,1,1,1,1,1,1,1,1,0,1,1,0,0
2277705,11/8/19 15:04,11/8/19 15:09,7,-,-,-,-,1,1,1,-,1,1,-,-,-,-,-,-,1,1,-,-,-,-,-,-,-,-,-,-,-,-,-,-
2230419,11/8/19 15:17,11/8/19 15:24,40,5,2,5,1,1,1,1,1,1,1,1,0,1,1,1,1,1,1,1,1,1,1,1,1,1,1,1,1,1,1,1,1
2300024,5/8/19 3:29,11/8/19 21:06,21,2,2,2,1,1,1,1,1,0,1,0,0,0,0,0,1,0,1,0,0,1,0,1,1,-,0,1,-,1,0,1,1
2208880,13/8/19 21:03,13/8/19 21:19,29,5,2,5,1,1,1,1,1,1,1,1,1,1,1,1,1,1,1,0,1,-,1,-,-,-,-,-,-,-,-,-,-
2297268,29/7/19 9:57,20/8/19 9:58,30,5,2,5,1,1,1,1,1,1,1,1,0,1,0,1,1,1,1,1,1,1,0,1,-,-,0,0,0,0,1,0,0
2254414,22/8/19 12:00,22/8/19 12:14,30,5,2,5,1,1,1,1,1,0,0,1,1,1,1,1,1,1,1,0,0,0,0,1,1,1,0,0,1,0,1,0,0
2293179,26/8/19 0:26,26/8/19 0:42,41,5,2,5,1,1,1,1,1,1,1,1,1,1,1,1,1,1,1,1,1,1,1,1,1,1,1,1,1,1,1,1,1
2212901,27/8/19 17:46,1/9/19 20:48,39,5,2,5,1,1,1,1,1,1,1,1,0,1,1,1,1,1,1,1,1,1,1,1,1,1,1,1,0,1,1,1,1
2297154,4/9/19 1:05,4/9/19 1:31,39,5,2,5,0,1,1,1,1,1,1,1,1,1,1,1,1,1,1,1,1,1,1,1,1,1,1,1,1,0,1,1,1
2207228,9/8/19 8:56,6/9/19 10:39,10,3,0,1,1,1,1,0,1,0,0,0,0,0,0,1,1,0,-,-,-,-,-,-,-,-,-,-,-,-,-,-,-
2270433,11/9/19 13:07,11/9/19 13:20,38,4,2,5,1,1,1,1,1,1,1,1,1,1,1,1,1,1,1,1,1,1,1,1,1,1,1,0,1,0,1,1,1
2270433,11/9/19 13:24,11/9/19 13:31,41,5,2,5,1,1,1,1,1,1,1,1,1,1,1,1,1,1,1,1,1,1,1,1,1,1,1,1,1,1,1,1,1
2297012,22/7/19 13:31,30/11/19 16:35,39,5,2,5,1,1,1,1,1,0,1,1,1,1,1,1,1,1,1,1,1,1,1,1,1,1,1,1,1,1,0,1,1
2297012,30/11/19 16:36,30/11/19 16:39,41,5,2,5,1,1,1,1,1,1,1,1,1,1,1,1,1,1,1,1,1,1,1,1,1,1,1,1,1,1,1,1,1